10,1,4f17f82b523db0ac658151ab3a94e31287107ba28802ebdda59093efb0893e21
9,1,a3258889bcf90eb2c9d0c75b16c9bd4254088f48a2e09eb420b4abb2711348d8
8,1,30a44fe7984c8b2eec19fb6ede70841886be8c003717beeab369034427efc5a5
7,1,023e232096a3661c923ca297ec3a2acd0b8719a69b29f8806d2b3a6efd865ffc
6,1,ec4014e0075044b88b107cadcf0e8acb18ecaaab9c088dc8033f8b335c43f472
5,1,65825125d0e9c9e34d1364fa4d0ab5ac18eb9cc8ac72a5df24cb54982812c906
4,1,534db926177f47f06564099be3178dba4700e20dadee1076c68600b94675ae62
3,1,067faa2a47e55e41a58474f529ce003591a54c079e97ab9a9ee23d3c3d97f0ed
2,1,30ccd5a039ee5a1f56e9c2a612ceea634132a15551e815e9228a31ec75ef9bfd
1,1,698341f922c6d205a9bee5ecad48e4967bf73a0501306b4977b9bfcfb1bb56e0
1,2,95eeed1d1fab70f074e7f0875a3865367f7d3c62cbee6e7215aed314694bcaf3
2,2,fe72703d8132d58320bb2d652d4b1351db88c62fbb169d4e990f3dffa316dbd4
1,3,d36b2203bddacf3bc9c2fa186962840412c27575df749f35f76c9d916df66e06
1,4,617cee90993ee2750ab8a2e10af06aab6fe899a18c201cd2206a52f5bac4f975
3,2,62dd17870ef5306e5c7b89033f0d077b01b540139ef45b7a7ded9952d641c34e
2,3,e3cea06a1e99e4eda680c258979db4644b645e46184c37ec656bb044e1e99727
1,5,99035eb4ba5f84b3799f9f3f3f85a707ad82a456719669e022dde9e5d09778de
1,6,4907edcbc5f8da29f2a581bf2a63da0a7896b9684b37af0a0fb53dd0e3a31d84
2,4,b7e55d38c31de6bf4322af1ae34e3ed4786292ed13a0b5f85cd2b8b592a6abdc
1,7,651a4d5a964275a8ff1163745dd010d5cc8cac335ae3a249cd9a0fe020d0b5aa
1,8,8b492b74922a327e7455b6d3cb0875fd7e59d72f2a0674e1bef4cd03a30ff613
4,2,1d89e8ab0c1a3a9bb6997dce4dda093f108cea6ef45eedf7d189ac98425f75c1
3,3,5d90a54cb82f2c322a3f7f17e399350f100f1ddfea48d3d97a5ad448ac08431f
2,5,b75e95ca40414befcef04c5798d458edf27b93f32401b9bf8ef91a2a17dcff1b
1,9,932bd0a9baeace4addd1857673a185224d1e948caf3e391599ec344b6fd7112c
1,10,41d17a49a53e62edd121007dbc59ccf5d53f9a9ae569bfd8cd1189cdb3ea1b14
2,6,b149017df2b96e8b40082bb695f1be67c75ef0200518d1c83f87aad6d874f19c
1,11,2b82bd33bd5a5d92062a8aa423d4467a96a4686eb77704e26971ffb12c8c9b3d
1,12,a2fcd8b878622ee9b3e429eeafe8f19d0ebe0a80fb1feda149924af1ea754be5
3,4,d651b8219f1928d55e1e941301018ad470e9d02892d59a59d8d2cab29e64d7c0
2,7,f27e674474bb9fa1d4474240417b62061417a09fd121e25806d9f9b430828355
1,13,dea138bc7409206e90f15c8d2880b9cd5d8a8f5096193835e46ba10d910880e5
1,14,a495b7ce3e882fb1205dfb538cc32d8958804cca1c98acdce35531495e005b44
2,8,e54bffe5439d5a060ac666df5c89dc35f029a3544b143a9a6071a656013d1724
1,15,0701a90ffcfa526c64512319a90746ef984e7aea8d07f44cc8e742f29bf3e72d
1,16,c5a759853acb90a0b63ba1fce0bc52576aa329bdba54ebd2bbe1ab3f01580c5d
5,2,f6b2d313813f776220fa0dd3ca41c73c8635fc7a5e6bad010b509e5ef26bc365
4,3,4d243a8622f1bf0b8c20c9d20a44229044ed1ab039a8528251eee2a74d56eea7
3,5,587388a576ee7ed3e6d8ccf794c601ef9a1453afdcb9b22df958a00f3b730e60
2,9,505e8b5df4d91133c7ad01f0aedd102522449e43eec47a62ba80a0f1cc5c583a
1,17,a3b90926fdabcbdf4c9f51f523a1effa897cfaf7ad2505926119318489f18172
1,18,648a964159c5b37f722d5e7e7777dc28bc08253a9d7a7396de069333c7279c01
2,10,e535a429f31e33f240024e02dcb9d39c3f3f6d0641704f15a8bff2f6fcffacef
1,19,1978fc066776a072c218c767988d804bba305f0f06f07b1976877e06a4cf1b58
1,20,0f7b8ecba1f8534efe9718896d6ff9752b438f63bd5c3b1e5bcf7887a47bc106
3,6,a803a5082247703f67dc31c2f12198801c499867c5e08529f1e305cb04e51bb1
2,11,680ad3d63e2b41738145611f633565527b242100e0ed175301a4aa73be596784
1,21,7d6de186952cea42002bb678136747c9c9bed403718b1ed0c2d2fe2386fa3cf4
1,22,4c0444dbd6b8785c0aa845f783cdb4209ee5f123c59ba16cd5ce6d30bf4618c3
2,12,7b9ab144d25b896a67b840dbf1439ca8a94a164325f3ebf7f8688e909db30394
1,23,481955026e6137b0713c456ad1dc0f7a129a543ede3e77e85c5e86a37a729249
1,24,d8c1cdb9157c19e2cfbe8d81e11b060f01af0415c91882c2b7428ba2f9334c26
4,4,783e4cd5cc851047e78afedbe71c3c0ea3b97567af1fe4e0e9333dd69e70955c
3,7,32a8ac60032f03610fd9020229a04e968a8f868d5ff539d83c97796fd89836d8
2,13,fff67c5973519f6e5afbd6b7d9da8899b836a1ea8597758d4c62ae0778147a63
1,25,68df10f4eb639d6f46fd2a3a37dc08af6d91b9d3ed5b172eb21c616a12b52f0c
1,26,3ab6d34ab503a9753594ac7a4a68b494aee1fddd673abaa8b064a4cb0cbc1eb7
2,14,a0e4af0b14f3123236dfd47a642b74da48d959e84c2390a87018e6557192608f
1,27,690a7127936e8cb6be2458d9fcb41c10d867485ae5fb49c599e0b69a66cfdf03
1,28,113db91f157c9f07d2add5f5a18984bc084335b926802c55193b75e4291172f2
3,8,3ad9261742cc847f80cc535d4f0eca2d4ec357d574951c89ecf1ec5fc450b622
2,15,c2d8a5a2d6b1a7cf321624fee8b8072939b55df9ea741f87cf33f7bf3b2b894e
1,29,c7bc94508197bed707d62a875ad56107dc1271f502a58abfc4665b2c655900fb
1,30,ba1ef158844f671eaa793a63592c315e56bba6a2c2ee1b758a8cfadbdf6a9ab0
2,16,81212780f6a4a3070d73c6983c6ee6eea70381ed3e10d708da3406ec719f7469
1,31,facc92015a58d77a55642dd76ccf4fb4b04219d00a70896be01799f9d9baa4c4
1,32,7c16c355c1aa178b8338375c749fcb57da60501efba71297ef42bff8ca84397d
6,2,98a2731ae5c32dad722d420295b706a530dba7f91fd79d2ec3abae31a12b3aae
5,3,9abf6f429466af37c2313e6fcf354996b640ab9703e634a287aec07bb3bc81e9
4,5,073eb2789e7cd006ea7c48dd4902a445e7033609eff5dfda6d425009aca6256a
3,9,f1655928b6898280fba097aa0a8c4c37f489f8eac0d02beb75cf760329175075
2,17,9020b152a70c86ceeea206236290dd61c2b60a15533cef212a47f1c8b07a24c7
1,33,5f1d3b62f7d25976c4c8f7c6d3889a3074e4140f72910143d23782ea441ee316
1,34,4488ce5b41c56ef26fc12dbef602bc4e54441b21a722fc823754312cc2f248ab
2,18,f9cb173f5faee5a9e87b50762e48d97549c29c8cf92075cf646173f866e65ec7
1,35,875aaccb36aa8bdb6e7b0fcddffae11f3aad6944e187558164bffae80687d051
1,36,61a43960af77951c805bddc5ee2caf0501f0ffc76797cbaa4aadfd3a98433d47
3,10,64e2f9d98d974ca1349c1bfdff5d74673f3adb8879d57aa0ce1a66258e28c91e
2,19,dd48fa4e7bd11b0bb8afb3d41f629a0ec8458948c624c656708e59b8912758d6
1,37,24e0c1ce1be2b828bc75e07fb9fd3a7c97b6534befd0f6420136fa1546b52a0e
1,38,8c08bbb40172f460f467575dfeac7f37e26c794c7f2bcafa1da7c18bb10e36d8
2,20,33ee4af397898fd002110d93303dd8effcd7da0bf2431fbda252ab832e41088f
1,39,658efc127ff1f44c3070948ce5092ff30ff26b7a64e218d17594248f932041af
1,40,9d4e99bacbfe22ddbda2e9f93ecb5f8b797c81e830f1e3b0fe406f91d4a93dca
4,6,56e558776ca2e54abb5ac721f66d006d6957ac5f780e4ebb7a08b85d973863b5
3,11,0317958a6a3965ed399bce5d71fceb0ad4b9f79edd5a9545e7dfb5cfad754de3
2,21,fe7bdfbb3494980b5154f4b580471a59c2a3d4896d38831d2d7a98d0dad7ed4f
1,41,6dc8024f72ae6b8104cf2fb20583e5e74b1a9f9e46952aefd2c00b6bf76e8fac
1,42,64d45d8d8264d70543a3f536b6828a499c8cb1c0a86f32a5d4c346f75395d217
2,22,d6db737efeb714e1b6156a2472d75103fdf498ccd8769763b2870a182e7480dd
1,43,7ca5c59f6350c4fcb2ad7594bea0a998cc3cbe815205894164526f53742c4347
1,44,29e2aae9941629c68bb7a213068e99f6506bd9c56ea829e240bb6abaf0f4ca17
3,12,794c016287099663aef5fbc1575a49951a97a6ad89e2c277ecd2fd86513ed672
2,23,f82612e09aa44079f99526393dffd349df31970ffaaf1e47470072c3951b7bb8
1,45,ede720d53142c75ce7059624f88449d7884da53160fb5d3d2a1e66342c028ebe
1,46,b0ddb2a23ae298aecf7aef0e8ca4dbce9d2f33d26fa00fce924a854321014df7
2,24,87de9871d602d6debcc60175cbc8d074dfcbed99874c1e33189558cf5cbbafdc
1,47,abdda9885df2202ae5f395a89981b937f776f1414176fbd110d62fcecbd5a3d8
1,48,d9da2a6b78220c471f58d3942c7ea20b3d682857bf8032981bdb4477a7ddae0c
5,4,2c05ce39fad6a9483b3e8cf98acdce7e8603c296aa501a8df0ecc1b1e80ee0a4
4,7,43af16f621fb6a37d78fdb0fdd2c0d2ad045bab43dd3ed6b6e98426a3896a4b6
3,13,39145c597068c55f0dd981fcdd745753bbcadd983e7a8005b62efcc12294d18c
2,25,1b0169aae8b645af29fd6b4c603cf672fcfcd9e2090fca97488bf60efdf2298e
1,49,ac96dd06707eb15beab13266ea0a0038ed8d39118131417346c3e2c2a3ded64b
1,50,3f371744592528e4195fb679d56c262d4d0973ffc7f21a20971a799ac07b5f75
2,26,e85e456439b1097ca58683e0c74d953e4292ee54db52ab63859ae035343639e1
1,51,d1c01a837f3f479f91e6929ba70070c5cea504459623d9739e9ad8e7e9cc32eb
1,52,d733f9783857572322589aee6380caeb33770645b65735612b37b9a82c2f5906
3,14,d2d575f41a1edde4f4a6f4868b167ce0af2559d762da1f01d6472d5ae178b663
2,27,fa2b260b30ac158a91bc53fb23ff7654aa02c21c0d9fa45f05f56611b8b16554
1,53,c84df7ecb7820bfd555707b722e7528263b6344e61918a1d40fd41cc965dd71d
1,54,ad71a6a48e04c23e8e660b95f9eeb362a3989c95dee6bf218c0709ce4259ca92
2,28,25f7290e049b3f857f8a675dffe73a9f81bca728ae80a2c194989cda0503f1e0
1,55,b10a79263da4d231f751b8bd802f83f5bc289778d8b496383274318c65a8626e
1,56,f2fc4fc999fda9a1c9efc2907689e3dea27d58839e0fc71b6ef29b2c753d5b16
4,8,6a1df29f0701b80b1d4075a3db706f5da96e312b54ce969dbe34a4939a992bd0
3,15,85ada7e7bb04d4e610e7621cd841029f25a287a5236badabe71cf89d5f4d5e9a
2,29,642c33ffa15f0f620521e7e048f8620f687f17c37f320a781cfd3dab5143152e
1,57,e2061917642c2a1d4e01a5726a7196203771a09a71967e975daeedcba7204acf
1,58,323157819587a2b59f085707ebb170b8c173725083243e8a285aabd464357946
2,30,840e502acfbea2ff34b8866b99c9e31619c9f904b5acc4899c097f4165cf5cf1
1,59,d250a6cfb44dddc1f91ea67371c948ab141f3fedee3bb4d569b42b004e94df1c
1,60,d320b67a23597fcf128ae342fc3191aec1ec39d680540a7d4833294a8c657c7d
3,16,c03641c764c62754c6f07a35566351d8348a4dab6c671cb69a60e13d21eddfe7
2,31,f6a0b723172ea8084a40c27185d9958e94f45624f7df8627826265af2e090029
1,61,6cfc6cf7909ada7623b33655df41cc24979da6c8fca7dafb7ab21edf1a85f885
1,62,603353893c70878194a72770e3da2557a8e74876236700f9e4699abb95f53196
2,32,dff694509bc9368c9412daadf63405ff44a1ecb947a318614789f6401a47e7f2
1,63,ede77f9cf13ae130874e161e69f1bf97598eb91f739a913af6dd40a48b1b3192
1,64,5a0060c52f3d67a33a528fa512e2302423b1addf9e283bfc35404b47ca01391b
7,2,d082cf5c0fd4f10338f899c3366701c37780ea6b32f24d7246665b2be8f790ae
6,3,f8ebb778727c1cd5fc271a091c44df911813e41cc0a9eef408e8adb3f28c7000
5,5,a7d397edcf3f044b4f912c6f17895a14c56818d6ec34da8110ce8e3041ff0dca
4,9,f4f38c7fdea193901004c6da5aa1a4ebdc54f5e7ce9e0c1e7f8debb26d735892
3,17,e17e153c3a463f160764ecadaafedaa6db021aa6b3f43dfd72e58d221ec6780d
2,33,4dc358f75296211c92b63e4b30decbc2f018c9e952ac23dd815b4f063347d75a
1,65,9fb5d97d30ea1727d0323c027a8168685b897018ac2fc3cfc36ee01f72a162b1
1,66,5e0e2b5662825a43372acc261286f149b69ea6983751c0e2ebfd470df5e60596
2,34,f217f17bbe4bd7c6b390b60d08e4141cfe63a9aa3cb8db21a2d789afc9b870eb
1,67,187699576ec0f7ed680a7d82a237d0f4a9c952ed50ae5e9d1dab99e79c8e47f4
1,68,e98aecebae98a53917e22d250b6ecb6b682b34b6966ca6b3f9b2a38f0b9e1b97
3,18,1ce14f11bf0dbc7ce0cf851ae14cdc44df88c3ea77350098e56d072175f642a7
2,35,8e559a51275003a28d4f15f3bbeb7ad2200a221fcea83f78bdfdef4a21f49fec
1,69,64b7b138c0994745832b9d05e4c107d82d29029da3d0230e4b0e35db5bc27316
1,70,da2641716b217bff2e5881d1ac206e64bbdf28b1aebb9e5576afeb9983bde6b2
2,36,6de02349f510535b81a0ef47ca7433c233ba56ccbf788b49dafa2bdfcfe7962f
1,71,d7577b70585cd81d792019b184bb256114ffe7000c607482c1cd258ac9973a90
1,72,50783c1a4bd07f5725966b721ba58cd75f7aee40e2b3b19bd47c348c45d086f8
4,10,74133c48de6ba771b89ca497f254596ad7d06f5192ec6476acd324b09890c109
3,19,627afff28e4d3d29a03c18424816f5958c462d177e4a60d947b7037325e700a2
2,37,60eb71ea80458a2d25c4c31a97feb8e4ed7ae617976737787e180d11c4197c62
1,73,226904bc45c50e73e61812e55e96d401c306dd9cd76e9fde13cfb20dddd11b19
1,74,43b1cd3a68df221fbf04c90d7236eec0586828e0cad490bc5f0ff6ff90dff721
2,38,2568daea646cfc0e5bc783e12872e440534ee075d648a3c3d91b3b21850eaca2
1,75,e028fde6aef90168d5e467b2ae0c33cc972ca9d1de243632bf2844b2a5b19d05
1,76,04f0f055697e08b2096e10ced5dd1a25a1048df8e43785c2c0e183644e16a748
3,20,44568ccce2dfcd0c1cef458a7ce7c48d43d5aa73aeef343fde86ff18e092e091
2,39,a5808da166be6b17080ed50cbd2aa028c3c76669e8d8ac73200679a28256049c
1,77,51e7a95258d3364b006ab2f921e91ec156a6604ced9a71191ed1a219c92f14e1
1,78,dbb937890a29831a0343e8f6e50cd2989d19dde431a17e1ede55e417360f128a
2,40,1eeee3a47eef5184c510e4e3ab4bc77d34e8034df2404567c063dfec846d0a5d
1,79,806409bc70958e26c72d45ebf0edf9b8ed0a287499414eccc912183b90044f68
1,80,a0d278d54223f1dd6a28ae1e56cad83d36a01542f0f3456e8b20017fb8e015c1
5,6,70d6e2688d12da4af818bfd9167f134c599e029789bfb29625f5dfe18ddd06a8
4,11,2cf5e4c243100d95e6d61844ae488596e12ffe123f29e51c97dec02cdc560e4c
3,21,87c7c929801da23bba2323263e1e83d40c27ddd53f4ef2407ca18b233280b5aa
2,41,d8985566616e8f3a0adae10594aedd90965875a0e47407bd2d3d9924839a54da
1,81,e67bdfa644ec8d236415d8820bb882bb9682860b8a29c5863b94121ea4dff2a3
1,82,3471e5f00e786d50d546cad211fd5478daea4dc09d1d8050be85604a63bd7900
2,42,e1eadbb6dbb7b443a964f3d7609700600938a810ae4220c2ebbc6936e185a4c3
1,83,fa48591d05c2240755c6ac685febb5e27765f31118764bf610b1177272cffa05
1,84,1f4a8cee770ad4869eb85134fafa633a9f58f6b519d522558c92748ad661e996
3,22,2eb44f79775730af0b19286a82cc975b7a922074bb9cb845b243000728d915f9
2,43,5e2f470718d5aff398fd08d85dbb6579f6d56ccb9a0208862c3ab08e3d8d048c
1,85,2321137653459561526ec04af6f20b394ba15b3cd49b98d8cf23712a258ba2ab
1,86,5b23f7dfc02da40b200d9e59bbdd213e63ebd65eb17afd30a5bb3ca81f8fd1f7
2,44,deddc303bf190718b0ee5b43f8d49c25591d395e91462a0e70518d838b756c32
1,87,5909f312960027cd14173e51010e58e5c1ea46b616ba68efb67cdf84e9c46ef7
1,88,1229e8919d648151096f7a390fe84e2838250cbedbfd1751d96ea0a85caff15f
4,12,7cc94eb539d4613c3605abdede046728f79acfc0bce5b6631b0d04c6f3d35e5b
3,23,096ecdc82a40185732107b11bb934671874420a69cf31f5df23ccd35b27e6199
2,45,6828fba9bf1b3008547dd303367901442cdcf7f370825cdffbcde6351d27a768
1,89,0629352a3e907f43a3fe50aa11e96a531e99146365a79d55a4b380384be46112
1,90,627aea1de7a8306be6b1a424d6f4fb50fc7a5d04969db7c8f049d06400d9f496
2,46,0e56ff70d3920464cbff00ad843ce518791d4578ed40d7d743ae33ff88bdac86
1,91,5c163bed7e1cc4147244f1d0a742f441055508a906d8385a74cc8773ac30d987
1,92,d16711fc51846f98e67ffe438f75fafc2bcb8623cb7226179941e8298d837be6
3,24,339d55ddfa2cb0c0f6b6985f1683f05bef40e6f6fdb794c53412f599136adaed
2,47,7187313f873f3598515829703db55c20a3c73e92d628eca96f709c778374d3df
1,93,3e9612ce20cb97745999fe624446cb2910922d1da0998c761577bee938ef9288
1,94,3ff18578aa541e45c396faf622511a889b0b650a919f68ef226b6734d477b8bf
2,48,7e73d6f5ab2150682f1d949be779152cd54fc4f2bffc24aaadaf25d87e13c4d9
1,95,3d56377eab4ab86a9f5f012e8e89d60cf8da29e9bdb351b13c27014ba519cad7
1,96,20071bbe5dd3957d9575d38b089891461235af3699cbc3e6d129bb6fb57ba8ca
6,4,2fd39c0213510a474b731531156714474a04270cf14ca49c799939801383d3e6
5,7,8e229e5a80ee723d22ff8a9ff7df8b2f0f090543effa8b045ab110af288094b4
4,13,6c0300574a9173fd90df69d4aba2f48dd7a7cd8476ac0ac1d8f09f648d17569a
3,25,183ce90bc702056b5e23edafbc66c6ea3768cc4dbdc426ea9f4b4570705094f3
2,49,047cf3b4ce1354490c3ac6ac9b2d514c815c87245e740851dc35054d3843440b
1,97,b7dac8eab68f7d0f8478b58d5d063e4c35dd1663df33e772d5ae9ba059cf664b
1,98,a3588a4c2fa5920b31de70fa6ba80ab266954cb8d48ee3dd452f64448cd7f53c
2,50,dc19d20ec9f36c0739bb9a41034d33e6325340d1e91a3781b14ddb2bce1acae5
1,99,798f19bc1c4f8ddbdce75a42824c0fd6b84d9aceca9ee958d80fcb2c1b0996ca
1,100,d506895168f8fc5200f731efc0bfa01bc60dc298c7083e3a3b03e9d3829cf188
3,26,2acf013bd9c046c393be1274aad77f34636de86825005fc5b9cbd72815401586
2,51,60f31320c25d9fcd6da5f71e070614cb6e9d50673ff1ab217a7acbbf0d99e311
1,101,099496fcda6321f2e16a3cbf0afccac00c7ef1602189b460b2a8f980c1c59552
1,102,54d1d6be30e5035df33323a75a8d0889e5401c9fad64cd2ac63ac3fd47099e38
2,52,e3905bcfc3823b32e43b73587a3ebc6e186da35b4b94b22312683474ad593233
1,103,dca8ece70fae6f07cbebfafc5da974a4be33cfcbadd8e489e5eebe27a0b084aa
1,104,ed0dffdcc542ab0f88a7619b2655061240a67f9e2a3e65707ec2a8e92cf32c68
4,14,75e3bf71baf3f62faeb9475847986d16b4051f09e7fc682c3afa8f473d5300b9
3,27,54dd499e55bb4689813ec70413eac484e997a104932b99d552ce4b9e8531781f
2,53,1ed0b2b9114997528728aa46d22c450af6e93f804059d8f494aee21609964c30
1,105,da1fdfbb0416d8f5dbcf71913f29f2abcc9cf73e119e6f18d1130e3e238a4412
1,106,b1e2918a168a02a8449ec15c8f2eaef978f2585716d01faf772497f06f11a606
2,54,288e419c6b983c27bb3b3f7c3dff3289a984b254ef2efd29ae2870155d44baf6
1,107,729d2bc810ae167e2a10496d412c0a3952d9ba32f6f59281d8c7a10201023e06
1,108,0b49800ab94ee51062dbb87dc474e79c58d04abd9999bc3115af5663a4ee9034
3,28,6760045b28042fbd2b030f28210d78f8b8e6523e038c149e2055eb5bcd5c0a64
2,55,a5a66c90a667b5a30ce0ba9cce3c667dd8d5068897515adb46a65a455f97a87e
1,109,40d6d6e7094455b3b6bdb677817b810d1a6ddc128b265edc15f3fc964a683c76
1,110,a289f70c5d88f7e39fa8f9b42d1245b90a039ea8c6fbdf446c802b24db9cd350
2,56,6dadcaf9305614a040d3ec298f6ec9db2c9e9dc5bb760a4b424f53d106fcf304
1,111,83b7a2e0058e1b4eb9d61ee082d503c5e323fa34968f00a375fcddc16a3c703a
1,112,b5e669b30c1e03420687e279791be612cf428520356de9a1dd222926fe30992b
5,8,2209d69cb0b1370c815a34faf6fa27fe27cf1a3865697d7f2c92e1a9e59c1196
4,15,8d2d17e135134969c500a400f7eb485f16a04ee7ca52d376499055f87e10fc0d
3,29,5a8a80cc117eb3ff4546a1fe460c6e9f1f837a7aca0dba52d62e16ecaf269758
2,57,7d636250bf24b0a6e6b729ac5018a1227b9a98531acb1df765096b6beb5c89fd
1,113,d43ef02dfe00441beffbd52755b2840e948db0cfea408c6398055a65e6978204
1,114,96786369976ec87e7eb0c8601d07293799e09c44d1e78cbab601a8ca7d42a64d
2,58,9eb1d8194f77093979b12da38479e602c7d49352cebb677a8449eebd1d72cdc8
1,115,1f74cca84eb290d12ee7b3889923083e28364e7e18b2ab34ec0b471160542068
1,116,820b30a8b96354d56baa29e616359a0205e32ae67c23d1b4a1ebb5675a9f694f
3,30,f9a5631d2938a079c3bdb4b60c918ca0c2c346052084e2d73ef3037f0721e992
2,59,795058a6e6bc992682a0df20de2c548195bb8fdbc827664740c25ddfe4452218
1,117,22c85b4e6f228626701c87e230527465e2aab3501156b1b222554582d0a04f03
1,118,d985f14a95570b1e19546d4b84e6e31e32f52b2d9e4167a001f51b939b26f470
2,60,f4cdaae822a33ff7f0e2f1c8d83873814d30934ab599f9a77813735ce21d115e
1,119,b4ac3b15f306fbce39837d56091e42ed98e662174283aff6b07e84f6f2c9bf9e
1,120,0848e26f7c4bcc3c5715e2aa7a894fa1b48ccda1523e1eb437c69dc4d6669ab4
4,16,3a992a05a5ca1de1102203083c1828f3125589a9dddcac3043108c9f4a48e337
3,31,eadf8ecaedea8a882fb0f3606c5d66f199d73748e4b79d70747f146fc21653fb
2,61,143fb01648644d2605cfddd788b6abb737e8bbdd6352720e2e66ef5c0b514a42
1,121,3219d86888429f50f2cca599e706b828dfa4773cf5dfceb3b8c8b4035a77f9c7
1,122,05d8b4e6b9ba39d7870f4cfdc7afcd42a6841ffb35d027a4e3f6f18b4d07f50f
2,62,8f6e7455eac38d864d6d0924e24649c6eda4448441fbcb64b471c055515a4e00
1,123,070991ebab67878d1cf3b6eef7acd2cd333d63660965c958de7143b5c2eab2a0
1,124,2986f2d76d834f2ab0e279eef0de1e376cf2633d634a6db735ac817c9ab6dc1d
3,32,69151cb47cba383819fac3cc9559ad2028938286a7806fb5ceaddd4475f2f644
2,63,6345065b7b0f1c8e4f1e5201d1f0294edf7a498186ada142768fd6c091e4a00f
1,125,48ff9be5799f027a41d16030e6764de1ca6f5104dda824191f8f359cb0914b22
1,126,0e702ccfcfd453a1dd8bf11482d6d72171859b21134fb8ab7bce32be23341c75
2,64,62d1470f718a0a17911441ba010cb3a2bb9713e89b2ae2abb79b090ecff47716
1,127,36429871a74e1c55b1cf1579baa8bfdb128e84d17a70814ecf42a710ca3e1095
1,128,1b5ab6d8c64fe92eaa94990a6ccec90142ccd4b711a13cf4c9248839ce0f6e1d
8,2,2e3ccfaf2cfbf715e11ef877fee01d1a7eae8c41b29d87fec9a28d44f9235f28
7,3,565e1ad9dedb258a9f63f4ffb3d12091e7f4ccc162770cb55b387d4f9e337b24
6,5,d3ab1cdade1ed161853ea983a92e88c96ea7f4fc1d76106c315e05908ffc52ae
5,9,0911e39d3392b71d22d3f3fe83d17b189b71ead4b1957882a1ff8aed2345c40b
4,17,2f7378b5be5eac8835f378e9e776cbec72b5e13e0acafaf1d0cc72d45c032f5f
3,33,545abe4a96b314f78172191631546450bb836283bd7f4f33a2e82e4c3f1e74c1
2,65,419644f08f5463f49f73bf33d13371c874238a11f9fac310aa748c50db2bb3f7
1,129,73c566df4577ba21487a16ecb46668474cc990d5506149bb04e3d2fee50458cd
1,130,c0cfbe0ac085fd937e999b7350d97686e6e29de8dc423b162b3281af85986db1
2,66,1f6e729c21e45082f0cbca18d3f7c82f853ad4d53e05e493b951c98a2d83ee68
1,131,9c4893a21c2fd21e947d7b5904f32743aa040321fbe03d9588febf7f7e0b98af
1,132,4aee4da4ac556156c2106cbf8dab201ed8393bb89c327afd3d118c69ba28ac73
3,34,2f0a0695e0b55aef8a295bd80710df92a5e97d52f6d611f4a36621904e6e6033
2,67,ad133d3ad82b5a2b24f4d8a7f6f5e0512872838af7446f8d571fcd437657006e
1,133,8610da43899fe52407c0b0d7a98a007a599cd827b59b57411eb4ce17b130c706
1,134,030aa5409f1eb11b05b6e2b442ec35f24be569cf1ebc926bc60de6477f28ee6b
2,68,159b3c78bf8bdad529231e67dd98d538e85adf982c56591912a697efe0b736a9
1,135,9dcbcc73e1931f22784a8a1faf120532f7bfb6ed492dbd66785cf642c5a4ea1b
1,136,09218f330f35c269ecabf3e09a401e6445dc3a1229c7fe86ada4940500e20bbf
4,18,2ebe4963dafc0554cdeda8c4c617bd28cb601111e9f0fe32bdb9b564a0fba117
3,35,f49d6513e032257ad47d4a06e9726965370b166c39f7c9be7547e87d1b83e4fa
2,69,19432c03b844c64b8266e8c920f5f849eacb172701707423e8329596dc1c0a2d
1,137,d10ced977d7000a06a2c647398f6c491aa0f4377cdc37b4dddabfe3327dfbedc
1,138,62bda31e338168cc10df6621c9a9e320cd5cd89b04980fbd35fc288c41074ec0
2,70,079a4d92e91b30a27a368610f68cebd73012a0a4ea3fad81f17ab2efb7f9601f
1,139,9e61e02044a5322292974594232340b83b201e617854689afff4e67fdddaba92
1,140,4ef82e503421ac0853b68bcb62dd537cd2bc2e967af0b80ca8f03a13b38232c8
3,36,d17e9dfc193665013804e77c2f236ae5a59c33b09136fd383791c7cc14c9cdbe
2,71,8acdd6fe50411f9c92924e93c8a01a4db56ac4c728d83d64250ff763b1895b02
1,141,e24e5d441e925d404c7ad48bcba6ffd9ae974260fe4e603d2e9c7f59231b3053
1,142,ec380c983ba9c67ef4948c54f1621f97e222c200d8e67adeebcb38953a149e1d
2,72,32a43ad515080420e6fdaf7bb4f0e27c6b9dfa9928a16895e4c29d0b24a828ac
1,143,508316d9679323a62d4a523955567a87b4e6db4d6a12bb6ea8e17fd4b951fb2b
1,144,332aa5366199a44d13ed34b5ff0ffa9564f7cb78918783c66f869f327bcd7cbb
5,10,260e4b13704910b91f76e11cd5040995fa4a786d42d29b5584eea0be6325bf23
4,19,82fb7a95f43a693969419db39559932c17eda292023224af4d1ddbeccfa7d006
3,37,a24eb92af5e630601f1b940065bc4dcbefa6e0c1ec3a7b30ecb7b5e74b579a8e
2,73,2832a13b4b67503f978751abb8e48028a772298547b1c6453ad36ba567fdc902
1,145,fc5811a067c1b750edc8c969788530e435d03bba43502dbdb5106276367c5169
1,146,57b8fc8c5c3cb78c7834be8c16db16d7395e7ffe4b29a6a23aea36965c1b286a
2,74,ceb4c6cc9467a4b7fa53e605c8b3f1c2c5ab0284b033a82827a96217052563f1
1,147,2dc5fe97c4db8cf55bf464c11868a8461ec3041b77ffb2907167a414d8c2629c
1,148,a84ca03f4f7c86b28fcf992cbac9825b3997ba3dca851d89e5918e3357e1fd14
3,38,97ec771f2b38e070936db358e195165545f790ef843058d2063f4c21315d1e6f
2,75,dbec332dd6bae43b11e79ffaee1e711d675b1d8fe3a87dd4fe467c67571c21e0
1,149,ad290c9ab12107ab3111198eda7dcd191055cdc695ea8b0a8c818a563b7e8bcb
1,150,cfcea511d216f7fb0c5a5f1e329788a630e9df980b1e5bf96e2f3fd9bdc04d8b
2,76,2720eee123d77be51bf559534564b51a19855c2c122027f58b5da8796721ebad
1,151,8891334e9e35ccd962a06ee0fd5c4d5167b4a35eb242fd72eb756874e178e82b
1,152,3ab06a2c6be7222018db7e0e974c802ed977e2616f3ca44fbeb93d19ece70f1d
4,20,abfd481d8a6d995de70fa6a6e11a588937933aa15603a2fc41fba471fcdf5290
3,39,155ae177de966bf4fc3dbc6c52e751b7060e86f00306b2c2f90f0dfb6754f7c5
2,77,33cd42841d80aa971afb36f48994453859b7a7baf077b74be9caac37c0c3e52a
1,153,059c8015abec1cf0f55d562c8108fdecdb2db647061118d0eae368c953418262
1,154,ebf2cbb2cfe0fefe4ee03b36b253ce7fadf6c89ba78cc49f51cce39a26abbd49
2,78,d3692767e6c74cff4f9e01c957f6f6a8addde366585aa129bd7549942c5cfd48
1,155,b7280d4bc9b0a94bb6036d703495a7b06a2cf58f68df30d4d143d97295c0e842
1,156,c90aa9a714e4496bc46cb9df1f59cf54f9a7a6cebca6ecf1339d8936a9ee31e7
3,40,7d469493ee652c2e240523b4687fc7cf14b053ac60eed93e423eab9a20d8e105
2,79,deae2e0377ff9cf1208d437a83d69ee4f0c7abe431552dd9863a8fd2017e612a
1,157,243fef4146ae957a880322fab830ed42a6d775f0291b71dbec1519d71602c08c
1,158,bb4c99101c65127918762d5525cbec1267430dd9d4a622196feb5ac7b20ad45b
2,80,14433e83efc87175c9b85bbc9a07a8ddc059bf74ea4317d051eb7747d584acd4
1,159,e7eaaf09e9f26df813496b34a4855bd058ed0668546f8b33c03b6485fab16e34
1,160,6c7dac7fa2ed78308a0d97ffd814c42218781d16f384300891bbd0da4a9a3af3
6,6,226c7d85296fa1c5ec99023b42f03224940dcdcb5a38445b3b64715d80105942
5,11,45a787d1515ba1bd5da3103db8f8e932160204c56fbcded9c098d2f33e24421d
4,21,aad975e61cb894eeed0e8aef33f3b3c0a2586cd86f913dfcc89fc9630b3f0d06
3,41,a70b1ac32c84c45e5f419da5cb47040c201e12dae1873265e19f35175db9f168
2,81,803b56e5fe30e0e93e80c74ac4c41d0342f0b8229ca5b38858d3a215693c5431
1,161,47ab9e68b748b407d7246afaafed95a4211fc2560bc55504826239164b61a3b4
1,162,ba1524f5a3e68dad7b78fd313887eb9925bf7be0ed6483ee3ab69c3bd67169c9
2,82,8354e13c48e25462569830f2a7f75e82da473ca8f5262865600090be86d7099d
1,163,0d591f53f2825979c8c171c705c39aeccebde65d113f80f0c673d1904a7d9d50
1,164,e5e09be75d9a698c48f89bde3d669e5e4a298c1f1e2db4876d96d7c4e9fb75c3
3,42,c57158f4a251419b36b49e675d86cf5c904568be98e58788e194065333c8b452
2,83,8d7bf37ba7d76bd24a8ef8ef042cb7120f9e17605078aebab99236d2ea44cc49
1,165,153a3bf254f9850215c9c958212fe9920e2aa71f1de6b7f8050b0cdd07a26bac
1,166,f19b4f7df85b7adcec37c48e5de01506fb9add58431fbdfee29c096623185ddd
2,84,3f5d6bcabf6e8fcc7b571991543978a91c0a256d3dc5baf5e6c23200d42d6a8d
1,167,4530599163962ed561ad25269a708fdb14fbd26b77309c5c3e4f6c99763b8d37
1,168,1da1da0f053e7b3480ee51052a1f660c4b8feea0f70323e5052a6eb74b248418
4,22,552144d7bba40771e397e359a22127c49a928bec555bc1e508dc074682e1474b
3,43,53113b5143954c28c6222a3e1d0e6fe4cfdd0d0a121f8d52756480ecc60ce943
2,85,d3a855b8e181ce01f6c5ad0c00237cf3fd5467e97676e16d58f31be24c05d301
1,169,e37528d256385c3c040ead4ad4c655c51f8330a3fffebb1b117349ac728d1dcd
1,170,a9930470307beef1a774c9bda050230f89e0324cedc4cbb77eede0bc101abeab
2,86,2ae9c0b75dba4b4d6128e81b173b0d7b9fff5144feb6a701ccf0f96631dd3600
1,171,2da2edb66f8fa9b84ca7992981580dc119f039c20ccf642454bef4c41a169a55
1,172,343e9ae1a17379221c796b8bd7ddb0a8b575eafa72df3e5b4fc5dee3be793ed8
3,44,c76c27b08f589f6b1d81fad108cf10898269da0be4d5f06ae0b467eb78fb397a
2,87,b1c7a77a3716c196718eb2cc62ecc1eb8a5d2b14fe06c430006b21add536c4ff
1,173,79487d3972278aa8c369596ed42bf5f9ebc94c9f40af5e68faecb384e680a725
1,174,59a43c0f8d976914a4487ee05211ad7cea716c6a2955b3a3912203f978b86bc7
2,88,d62671968887e12abf6c2b312252b8899d8ba1ee4682a5bdb7cc4e98ad170b6a
1,175,f9dbaf47fb3b0eef4e84eab176197a8d71c803061fe76670fd74dfd405b27535
1,176,af35d3c566bc53b1b5065bbf115fd78ac732a9dabf8e71e0bfa4c21d6158a0b4
5,12,b1ba8824826227f82b047e102b9117f91bcf12546770255a53de594758a96867
4,23,c5bcf05b4b8d6ee9e53f7b2fc987866aa312a1c92639f37a71404a835879b05d
3,45,4a8771cc9f9aaad7618f24b898f890fcbac721af427e36158c6ad9015dc325a8
2,89,334ff9121c95a13f263a7e620dccdccd5a39e1ab855708372267c718686edd1d
1,177,16c5c0db58e0ae726a02c8e87ca470487add4335ae92259c386e1006ee521e12
1,178,1f3ef9eabddb3e9d8d1c4adbd08e6898169a6c0f7ea266cc7deec366c317b589
2,90,98776acec19d16152f9c7b03441d2ddea2f2bb23e76d6e8f56dcf8bcd719758a
1,179,97b51e5103829e65237bc209b49518f875e077e3244320b9f11acb2507028134
1,180,a47ba1299351f929900a9880440cae074b02ef098d5c7ee9a3bc89d25e12b3ef
3,46,8a9ece7698026b2cdec4bc0e18e0cdc47965677a0263d395dfdfb4b701ca1ad7
2,91,b7fdb19b1f4907db8d20c6e6a3f0e32665cb72b30643de58454512724953acf1
1,181,e21391aa07cf2d10042412182e363fdf52224432de3a5b6ae8e9cc615d8c9b0a
1,182,ed2f15d84870fc234a8192233378e6a6583349a67a6d6845e5ae7065f5caafea
2,92,1e0cc71f8e5fe5432589fccae8324a6b5fde778502ac50a72d4ade9d376953ce
1,183,769fffbd9a4614aa2f9a943cc7c51acc18720fb28f20833a45f4a6fe4b18a282
1,184,a5ba88d36eb39af958c61017f837388db7ff399112ed4e1456c618710171435b
4,24,3d9b57d0f5576c74d080d6a96cdd2055cba77b950eda8c60f0097fb6872f3c8f
3,47,b917af5adbe5c35a9f2991247ad742c4645d69fdcf5c410c0a9f12fe19dd8685
2,93,0b08d2a25734d976a15f8b15cfd3fac0b6f58285c7e836948490c27322db798b
1,185,c180dcb000042a8d8a299479535ad92c53d09b417ed743958b32a0d02c64d4ae
1,186,6861b52c183d3588c3efca19653aad1c0e6d280a86ea1623de50b0a5a6bc5349
2,94,27f140d2c21c0817ed94cb19f43965353622f029f91c6d2acb180327ba154cd1
1,187,f788e887edc32a6a1b09f73b596de1051fdde0aa7351579729440d07083576cb
1,188,b82cc93a63fbe88dd8f16fc16b681da90e13eed61899b55a051ff7ef231cb83e
3,48,7d6b9eaf56d5492595f75ecfa67511dda045308296f17fb087428a27fec0ba14
2,95,00c3185b7aa3844f032861600573b365eb5f8cc8c008fb547c815412bb233212
1,189,c38da2e0ad086b61aa6b3c520f3816b00b75625c6b7d1f9d871bd9c976a911f7
1,190,3d6b2d5835a0fa0bf6f020c4457dde3b0df952bb99838850303a3c78850aaf0f
2,96,97f2949ec82671c55e4ba894df701f35eb190872e26d1b9438c63b4832cd16fb
1,191,7c74fbc90fba71d21625e1ff4c27a2618adce37221efbab51baebabf5b0a9edb
1,192,60e455a8b021302995251e950ea889008474c9ec620ae2134daec80acad3b3f7
7,4,3f7b5a252b7023fd4591a9af4927e04c7e4cdc57cd26429243a9fb49a11e05b5
6,7,16a53ad233447c3dd6208cc27b48bdab8bad1ae80f278b878d737b12b8972842
5,13,63772958127bdbc87e02e5457edebaa951d3f1438a7793ecb3c990f116ac3bb7
4,25,87af8d8fcf550e223b5e33dfdb9e3ed41cb9bc596453249b8fdfa1dcffe1c128
3,49,d0557a03067d9b35f53449fa4444644d478b122d24c20aa75d197fd59c458fee
2,97,3e593c3d9f8cace69a252a3cccda7a0d62aef3e3c9711f43fde165be5cc697ac
1,193,be7dbb9b6ce1e34cc24fedf2abcb5656a4c4d8bc27bf0eefd31d4097abba7426
1,194,fe66b5dd13052dea94db3e71131984ee78711bc033b87642ea8fd243cecd6d1d
2,98,aa82929fc2abdf6d3f8897d91e600955c7955b74226c8151f86db0637caef8ce
1,195,fdf0ce4ffcb803005f9f806b5327b2cfcacf5361954579eab614d31a1c352761
1,196,54fb515837658c4aced5f22522a899c09ad1e1869827342a9441ee8efd0e89d3
3,50,9b66b36d2e7dcc52711812806cccd330a5507b4ec7f88d1b48edb5391263f0af
2,99,aa5c604fa17bb0eb8473552f01d503dc440fc9381808f8c958e6f6ee0b56711e
1,197,124a32e0d60aa0ee73cc23d23aa9ea4e097bd75fa082c287ddc3c87c78871e05
1,198,ed1749256e309efeb7093b940d682e32b8d97ab0f91622b912a86ce7c675d5b9
2,100,bfeaf53833f68e843b12c3a6a29be8989c6cb3adce32bd57a7cd2075eeb25856
1,199,f55ef79dfd2dca869ac30d5e5d4c62580d9551f50889c49179ab09a31d398765
1,200,1cafc18002cde57052edd08c3a5e2f480565131a490d42634e1a8cba735ffbdb
4,26,f0a099a15ffd8dc21f9f00f4ac66b71fee734806fdd32e96f3f92298944a376c
3,51,5160498935e8558407f8d3a6ee16a6bf279ba18ab6205046f14f4b03dfe31116
2,101,ed9198ca07a8a8e41e443afa94c6479e2c379aa4c85035eb2a58fe32b1c4c6ca
1,201,ab828ba0bcc3f97c0f8bd88efff065d1996d3a8d671ddd73a247239d984beb20
1,202,fc9c56918d310e6557e822d57c09a9b0608dcf79cc0c379054ba56ca77d9dc4a
2,102,5df02f64bf0294f655cbb0c4acc4cba4171719de0b562e649273481e4d1d6a38
1,203,983f3722d672be2dfee638ec482d813ce235b62dd5cbdbc9721e177ef3fe1418
1,204,24b4e1cff6717dbc4c9a9aa5701a726663c9b840e16f58d3917013d16a8ca53d
3,52,746f4946a30123e72981c32ee38501ea864abe8bf3534785b76c6474ee1207bc
2,103,4843ed2bafd70b5b927faefc2125dc26b7025b6cddc7566b3171da7b79245abe
1,205,b00f89c95a60f4cf426a82c24e69ac0734d4a10918b990458068db4cf69ccf8c
1,206,9764b270dbcc854d6fef419890f25d823f6ae164cc7a3ad3f5833b53f9729ebd
2,104,8d1438c5ed188db8fb8d93ca484365e25c655a5716ed6f9de3cd30c4846632e3
1,207,39b0b9ba84f28c993e2dfe522732fdeaf465f578ae0ec65ae47bfd545dca3248
1,208,a6b2e3a8431c3d533ae20b99f8ade9b64c2ea59fa52a018c61e8d177e233a05b
5,14,51c22244face3a18605f4b2eca8d971e518030b9eb3f676f7273db522f4a25c9
4,27,abd1c38dc4f5d2545063ca8c8b2260c8155c875b3210b89baf6f338024842145
3,53,26482fb4b44b4afd891ae1b78c4599753ec602ae4f909f54ea53cf2a78e0a6bd
2,105,81c6f3c9dd603d41cdfd03666e48c5448484eeebecd1221f1a826636ef725a06
1,209,4299181605a4f2849d91dd7fd33d11c0ac115b0ce39d0f60fe3fd84178f54382
1,210,fefb4804521e62d6bc162a9582eb079685ff7ce0dde4df8937db3555f44be20d
2,106,f3a7f3e0d522c3b68a2fbd05404e62609095fd73d7c776448ebae89cfa0143c5
1,211,f5c5fd2dd7b7d92ab713c23deb1dc9e639f62d49b33b46aece22031b27cdfbbf
1,212,f1e3804b83b08d97414fa476e5007487686082166a3e2333ffcfbddae189ad63
3,54,a0dc906a744f5be06805dd7fa6fadfa8234cd78059af740d885695fb8ae09ff9
2,107,2707da3f6cc590d80d5df68705af7463721e1a463ccca8c145b0a4ecc2fc32c1
1,213,db316a3b6e0de5345d9f4a4575a34ce2cf1451603f542acdd6720c69b461ceef
1,214,e268117209738fa139e30d21e776d15ea9cf8843893610ff230c1f0bdc75f666
2,108,14766a4eb360a59014864ed7a357842760aa37978c2cd395f9957ae8b497dac1
1,215,39b15e6155e75815715238523f50f0e0b4f1acc480107083fa28f922c9b32da9
1,216,09457dddd2691861587e35e1e3a3dfdc183c2138b5a9ebb6d4d6d400bc65bc73
4,28,53ce68c034e6453a87fb23ca7ef349b9a05dd24be92eb93a518ffc0b144841e6
3,55,df6b39684943db4ccf4396c88a53d970d61cce2625996121deb8bb7b2c54381f
2,109,a273d14dbf17dd76c68fe0e74e369306f5ceae60c3a5f592c73fc822eb10ab4a
1,217,c5681f42e001e7161ec2787f86ec8dcb4e88db56bec9c067e7dcd80a8a992f85
1,218,edaa53268b1b7c11774b1663218eaa05a92c1bdd3b3750120c93bc15cb36b3ec
2,110,8583712e297b46d80f1f967391a5a8d30100dd9e2d854fd9d2e5bea62ebaef24
1,219,ab7d20e3392c616451dd2d2e167e85af6fc8ec0538b9193d0fb4e7bed6701bd8
1,220,522d77ac928796625176a583365bf4503ba5a9158195112757d132873db971b8
3,56,e06d222d4b9c7c9bacf2bcdcc0b418feb941f5e09964fd619965cdb242cf8d2d
2,111,eefe731d1c39ae4fa7e1101c4b5a41632026346d05054dcb1605c474cbf3aa72
1,221,eb705a86c091a1db9ae2fcd255367a1bbc09c83b39cf2ad58641ec33df34def7
1,222,0ac31264a712257d973f060dc4fb53ff2b328651713748d511fdda195af5bdbc
2,112,d5fa77df23bde82b249caf5ed100cdfd072d9df9080754fe100a218c31c6e0b9
1,223,b87e3d3e109358eebaa1959509a2f78d7d00be426a242646759407af410863f7
1,224,d342d71b677d42c0c36976181d54ead1df01fc7ce2b8661b822b59646ea54204
6,8,6eccb880bec12a9f38e0096114f8914426cb6950bb94dfe5dbfe51f731fb456d
5,15,a647e9dab148d2411365d45fbdf4ff9f146d841d838b8bca80cd2836a9bbfd3d
4,29,bce43f7e10fb1eb574f00f5ff8017789e607ec9a6762744fdaa88102f96039a2
3,57,6c6d3509ada85b165564d1a7f5aaf4c32490368b37986914bc30f7953adcfbcc
2,113,ca5b9c2d28db64bec4f23ab9f364a8378afa71f7b27af0515b099a0f36cf6bc7
1,225,fa53b785bef5df08ad0ca38d6656dd0b6997fab72e48b2ecbb44eaaf6c0df011
1,226,5bb99af41cbee00a49640fe794c1ece5b69489d6e93465a7b1dd02ef3d776d9b
2,114,f35298f50cfa34c48cacc89887cff31684033acb597358cb41d92146066420fd
1,227,258d2c22fdc9a9215ab71fe25e3a4d14c5473bed48b087ed30eb7430d9609009
1,228,8e28f42bed06825b9ae070e6558d9afd8e1226a707c5b42043a98391cb59bcc2
3,58,1c860cb8d398a9f97fa4e9f16e228930e2edd2c06d3b98d6b55c32404a9acb33
2,115,69c12497f20568e297358b79607d0b7aae240689b2d480843a133d5e2dd38050
1,229,bf81953b6425d11fa9e8c0a542243230cd46da5e3e5bbbadaa4e2b7382552964
1,230,c682f5518c60836d4545eb8cc5c21a672d519917f5a0fdf95aac5cb8a095ed09
2,116,0ba8bd1009c43ec1cc89e97e1532fee1b718ef565e79b7914a00a2fcf6c3edd4
1,231,9bd7890b2748579fc18683869975a95f642c358cf11ee16b49ba9621559a9eaf
1,232,16353a76aa94301c5474ff5a8322870b054d8c8e24d3e3dee71d712f019156c2
4,30,9a6b198bd75774c7600ce8eceeee4a936a149717e5d1ba72577f936f37056b64
3,59,ecb8d158786a8d9d177c679b92327039a63df9cc1cf148910f1dcbac605f3140
2,117,b9d99bba38b5585ce086f5193d1e971836dc7e50ec9325d1a607c0851e97faee
1,233,617475c79d36a2be8c6d83a2740ddc9a18992d36ced565469133f83fa3464455
1,234,7d49994edec1f4efe1723123c057a2b07b18f2ae1e64a2049f54c2491b134176
2,118,da7a193b1808dc569f9071ec70ea6dc80fd878628dbfeb0b48e789f89e8101e5
1,235,e735f4abd5ab1a79b500e7abc2bceeb1a5acc12e4450e3d9cf53e111ed9d070c
1,236,74262d3be937d86a3c46fadaae27bb3da21035d21f02966caa79a1019110500a
3,60,394eeb1fc7450cf82b66f47700c56fb7dfbb262456cc64198a855d00872a6ae7
2,119,67e0f8f1c4cd8ad9f3a81f0c049eac58cf6e5b9b6316c9f980171ac513d9dbfa
1,237,b60dbfa0f45bb48fb9ac7f8aedfb2d0fbd092d0ed545e4e408a8d6a8992db7f5
1,238,93d539cb7d4a236f76fb6c4834a379eace8f26f7e3e96da654c8edbef89485b1
2,120,8d7221526a1d7a655581fa701c2644541d345cdce56178210468d21ab8823fe7
1,239,a50d586810242ce4acf137cba8541e1fdb9c4a98b2858509ee40313a7c162ec0
1,240,1c9698c3ab5024faf06f66b72f2d58e5e164939b52f62850895fbbc91d073aa0
5,16,70c8dd01562f205792cb5143a8d3d77c0d3276be2df1177ed751ef025852347b
4,31,7cc65f669950fa8b89901beef6b58905dc701a2c3475ace9f0ae6af0945e0071
3,61,cb3d4eb1c939b0c0d4bf8d2796fd54d38676bd9c29c1ec7796d2272b628f3627
2,121,cf5cca5ec50770e46b157c2e517afc6bc26250e013fd13f051bfb9d10a7e41d6
1,241,81deec0bbd9f68accecbee30c3e86ae261c1d2dd0d103024fa983fe5a8172e39
1,242,a763327632cff32ee8579c968f2e3c84b1af896788898a5120d7a3242977010a
2,122,8e0d3bbd42f587f4f63029a18e167f7a1868fe290184bd02ffe057bef478b169
1,243,ee59fda2a4af03081f82680a58630986b5c5f353c144bf04e5b97a1c45054187
1,244,d62913769723501b4609ce4de8657f16c49b8720e30f6fc9705227456be4030d
3,62,6c30d94b75308db69f8321159f0f8479f40039b7f6b42cce972cd0edea8376ae
2,123,15031770df164f264e0b28149e5c9b1956d6f6a54da94825a2bc8108e813938d
1,245,0e6830e7a150b68638b5bd5af7f940c53f0ef9b06a5b0324b91fdf9e35eeb79d
1,246,2f315366384fe6e2d70eeecfdb6b7b8a12290254d521bacbaf308c11828e66d4
2,124,bd702d4bce4f6b1ffd41715c4d67339968b15fa2fc6170b73265d9d06c335f3b
1,247,5f707372fafd10229b4fee7f7b138cf2287b1b91a4813cdb860513fcc0b1ece8
1,248,029a7bbb0e8a80f954e073808a08d362b042232e3d10215d0e693d8bade80f43
4,32,856d32c507300a6fae08cf9a014e587b0417bdad353ba71c5c24bb0b971ba02e
3,63,bda1b986d0ae702cfd88cb59ef51dca4a195c42d7fb5311d6c626bae85ad3c15
2,125,1d3013c71303eb898ba1bca5c5bace69978a740f34327a93eb165e5aad09e649
1,249,fad9523a3e7205d71c1a45059340af689e751712041b2343c6a5235c6adb347e
1,250,52695e89d488053d36ee71eeb5fdc7b6dac9c23084b046802d8b649e99dc54f8
2,126,4176ec04ceef55a40b9a1468220c008fdc962507f105e130dd96bc17f4de1aed
1,251,3e64a04b015b16ece9dc7e38af2f72759e8dcc9ffcb32b362b63cc18ad0bd9ec
1,252,d7186aa8c294865b85d32c6f8ea1ee5d505368cd27cbc42cb983053a837667e7
3,64,c74c4402566dc2edc689565fc51e63d2678ee68c1bdfff8f5673abc0f9a5c755
2,127,dc456cd8bff1bdda701b85904358fdeff84f673e1812f9aaaf295913ef6205ca
1,253,825415e987f82779753d59af89b4995f15b133f4bfde82f63c145fd8badd340c
1,254,f15e8a00b3b407ed70eb3636701ca51e46232d66dd3c3b42ba1deaf8340bb5d0
2,128,e0f6add914553342bcf6a67abb2a5d611773f1f74f0fef6473e15b39b4ad2173
1,255,9965f2e359b610951f750de38d46f33b56028a791b69d79538bfd71d5fad22ec
1,256,de37f7e9497d4c7a9c8ca9ba112088b165799caf9a0263bab06d22af6ab2d7e2
9,2,6301826ca879f8b882a331c205e94f10e3d1ae0a7c7d7febdf1e3d6367d54b25
8,3,d9ffcbe0269e442fd8d11edee12e12f23f8d8788e3ad783cbacf0a176e99c86a
7,5,0d027a36d7039ff6eb253a27d7ca3b6e69f433b06218dd896622983b5a30d622
6,9,078a409a9bc05cce3b85f90a924f91b45705438c9c3ee9112b2d76bfe87a89c4
5,17,8c831f2e9e9fd2311e2eb7783462102da5e5fed50eb1c818f7feda93da6355bd
4,33,b89b253614115b1cea7f6a1c51600edff805dd14f0db078ad9f245cc887aed7c
3,65,255b419953d79e78e64d8cfffe9856143569e8bff9cb66b6b28840800adbc2a8
2,129,0143caf020261b83e996354347c83295e8ea4174b1cb89fc2c4a0500b3cb39f2
1,257,82b8518da772d13fa016a9330a99bbfecb938ea26095970b1f4ee4cf16838529
1,258,981a0b67266a28432e34bfd624ee89d523d901164dbd124785113dfe4ed1423c
2,130,1f3d7a93e570186df239f0bbcd70a09e613061c71ab16475d34ebf1aa557dccc
1,259,777189ed2ef7b0ed51ac72028a304aa4b2d61e0ba21f49a0ea161476a172dcca
1,260,e25dd799d081b9b5b2b203923a1422e8612511dbda5bd12fc9e68e16c0f5b221
3,66,3fbe442930e80106e00eed48a58a15a8af3f78ce556ba1827eb44f956622bd58
2,131,507aa15fb5868e3e8082678e3f60f44c35cc6a09bd2d227f21fd09dfcffb3161
1,261,ec4f1255052cd80babe20bc0815a065315a422d2b0550bf363e7b14922cdc634
1,262,256cb8ff94d16fbe0fce19990264ead3cb02d008bbdc5e92c2952d3943a3a009
2,132,c55e1581f66bc6146d1c776a8401844fff2a2b5102c6ea17be8597807613d9b1
1,263,c7eb39c8a62b9747a28a59d35bdb2e6ecc3d663096e26a071a916c8c3d4fcd5c
1,264,8c07c4b6cd22c5cc719fa7aac5bd7aaa8fb7375d8495afcdda1f801e30a2d5aa
4,34,cb3bfafc5159952c29ed12f16307daaa5ffa80048610d77be143f237ac3dc676
3,67,1437ad34ee65204697326b86b29b55ffa33f7d00bd287855bc78e5b996239b4a
2,133,0bc09ee778d67c25cbe0b80dd5a7232453f66aa0b600354be4402af903cde806
1,265,e0602efd522e8cc831f21565403a1558a0c6d36f6b1a499fe49ebc16f5c9c8ab
1,266,f9d845728ca02c10b58ca56d8a0837c9fcb735f9b1d0e25111920f43628982e4
2,134,c3cfb8ca674fc7d751c7a7c8df6d2c79fb34663216768133bda8782553fbe0de
1,267,e37460d71857167d96959261c2cd0611ab18d080c7ba2b0cd013554dc26eb3b1
1,268,19002aea96e3263ca22025c4ad4e3db9c174f3f660b42f34345c129bdc572171
3,68,79edd80df9ea514e1ae0c2660c6140e1fd4716cf9fb4ff8ab3e954812bc25819
2,135,6a1f4dfe44836a95edca922342283bf435efc52ed783702b01291769e0838a5a
1,269,40a17ad0ecdef0b779ec27973f7e14b0ed8774cd45e744918f36fa9c86d3148b
1,270,74e447e7621b31c6d368896eabcd9236b076bcb305f41fbba9f2beff5d0f3491
2,136,90b5d9aefe14acf78c7b5a950b9dd6ab3acdfa4726fda33a9ef62c9e66050775
1,271,186cd06c6f8f61704c661ec50fab7e10ceee9f1fc4d680439a94cc1cd047f73a
1,272,9d465ce0e23a66e64a52b1d0b085d82b532ff89b72332128151ee9b388f1332c
5,18,d176b5d904133a05f426e73ed3275ffcd88587e3f5b16cc6fb310fa1cde6465f
4,35,6e1a281226a8ad7397032a853e0c9a60b1b6519fc80e20925fc09ccb9be32cfb
3,69,4320677b4f0b1818698f71dda94cc30a0dc96d18a252b74a61729e35d35c0cce
2,137,83cf67d821baec99069d0df276da3293fa50716b259f8891e9d8075abcdb7b79
1,273,995d2de0a122cc1f8f9468a36ea0d13936d02e470dc25827dfaf99102269fe9e
1,274,41b17d77f576221e363406cbd8c8cb72dab7d3fab71b66d477c715655001793c
2,138,ed8e3e2e687a7953a0dc71988cf34ef75b7f6882bc473b82ef5863bdd19479af
1,275,01bfd3330bea1d486c3e2070a030e44eaee96036c02a7b396caffb5d5633bfe2
1,276,7b88a99b8f5b2d2b8e6fabe0f7cc6740b4a0be1d18316389115bb2590d8a4c96
3,70,7b80f4b6d94a8a565e527f78d51573af6d6598fe47262536102d6d14c40204c2
2,139,931ad8fd028fe33bba2a3094ac644027dafa8134c64256dc110fd1cfe9ec90b6
1,277,bb4bce6ece219a9f824eeaedb02ffc97cd3815936a7e60a580d745be2aa587c8
1,278,673cb6c2c38e2c69553133d8f32953f7dd52db6f1b66f220e7a1e4aa7d97dfc8
2,140,6a7171f080b96d32395d7cc5d33ded8e9d22c8b8181d0baa1d31e7cd2e11294f
1,279,79e9572000192a9947e506029e97696843d07dcf55f42fe99666461d72bc1536
1,280,fe4650e177db46a77b5a58171b89f2dce90da472f80fe6ac0a1b7951e4ddf060
4,36,69b4d181189d0820c3e7641adb3eb8abc44cfcac0b4f60b3d881374857721aa1
3,71,5ded544f27ca5fa1b0c1203de139a541e502f3e40d8b6d29c7da9c1ff4e298c2
2,141,af4c233595571364aeb749f5c03b71f19b1fc3959dedd24606a4600ac0bcd2b1
1,281,4c674410edaf2cdbaeea23277e1f3504f604447d83f4219c200b979e95d7c659
1,282,33cd0415b309f1e860963427ced9c9878bf0227302212f50589dd5e8da22a712
2,142,586714b17061c3cfb8b7ad8dc0af7f0957727083b81182a7d84d6470bcf55d9d
1,283,de8e251a3382a046f13ddd100c9724403c73a734cc71cd54950818c04711076e
1,284,f96ce6dcb5e534f952703d0f5bb3fcb930a0818c7bf84135f4b1eabe5690d9d1
3,72,5db4c7d9130cfd9ee9ce856ec39c7344026e802e6184724b2de3c35980958f4f
2,143,9483f8469cdfe912e6c241c4351a018d04d39098ae59cc1e779a5802d737ad98
1,285,49fe49882927a5bdb6ccfebf7f62f0b859a21a570a4d8a5d099369a9b4411ca6
1,286,ca4606a73b6475ebbbf3453459ea1d59596f64e1a3214761c4960676973380d1
2,144,cd83afafa81c3e721bb3a02935f4ca8237e123340f095718a5b86acfc20ced55
1,287,c18c40b6482aa1fe8c19040a672119dc48e03a6370de3205d239c93b63eef4a1
1,288,9f1ac08b61e623144d2c9937c850dcafd103d6ef303fc82fba0bf1eb6ef21956
6,10,c2cf63816adc4c6a3b8df6f0bcc6de1acd58dea57c98900930ed94c5d3da376c
5,19,24ac7b2b401e264c64374619e1f3f3c74e7e8c15ab947e98e31f46a2222d263b
4,37,ce520cb0dd5dbcfbfb5a349e60ec89e9744b9f1350c3ed3941035c7dc87c168d
3,73,5821abb15d93b78c1c573ccd3dbe6d35ebee07064b8a305af866576c4375b621
2,145,c528c64aedeee235817ad48a58cffc59dea2736ca014bec675c1a3d876035f72
1,289,94bc0b549e33ac084775528e7758fca4ea981f2305c4e8aae7df21325ec8f9c6
1,290,1974ddad9c98b9940dde306b5586059ab58a1fc870c4f0bed7b7b173094a0762
2,146,c9cfa99897663787a85a0ee802c49d5031a092d8bda2afe2b5cb816d25f7f0d4
1,291,94050f9d9c88d8b6ed94ccdc49796fce04534b52f0ea604b001f7046321a4586
1,292,e10397d8b9c09700b4112b0563f51509667d254e9de55099ef2fc35fac1227c5
3,74,b006eab6bc241930bcb69a7bec7341d2d21b2d8c301d02fcd97e4c83c3b8be91
2,147,9bede416a8cea2e52b64408c4cf4e47879fb9aa4a2f43caf795474b81bd46424
1,293,31775223a89bb2067dbd10e51cc96f799804e05d346c49bd138a0bd3a74ed069
1,294,b7b8f3976b4cc69c1613b6eb51afb3d2e288b1cfd962f8d16288f2be7698494f
2,148,3e8b57b254b801e2fb68cdef1003e11884c3adb18f98744624100298cb471fcd
1,295,6fe7bd63099408566ca35b88e95de110612415fac1649148942906edb2e2a5bb
1,296,918fcb13fff5bb09d7be89f36ef36ef93f305af1b722ba8bf604cc5184420bdb
4,38,c9c2cc2fadacd717f3f78ed8d026b00820f7fc8349259ce644fa1b9ddcf12ce0
3,75,bc491f6d03e5dabadf56fb3f8f2b1885338fea1e98702f8d96958749ed689eba
2,149,e9dc4f4b3f41ec5ae7ca5239ba9a9bbc2d547efbe07d78cfa61f2811b0ab52ec
1,297,b995c3ce63242a123a553a30b04f6095f75266fcac1acaaee2070bb73ca5ccd1
1,298,89ca28d8619cfe04e7745dab2cbcd080edb5f68f03688e77985a4e972c5fca82
2,150,f17bbb2eb515c4df54d1adb46a20b62a958cf08b78de526bd5abfeffb4b82bca
1,299,e36a1344d919bbaadddea9f38ba6f0aa0c023e8d0e7f26cc4fab8d6a28ce2953
1,300,cecbcde749ca624968766c31df988cbca5ba1aebde818082478bc3de6cd3ee7a
3,76,1e98a12e1985182f978d20d50daa536d202f52c945418c6bf1f1f3263e3b2957
2,151,1e44123cc1c5eff9705d7e53c32ffc65f4d3a332a1c8d0e9593baeee0f6c90a0
1,301,81efdc1c3d211171c9911e2d80dbc635566f898c055b416352aed114ee852940
1,302,fb440967b34935a0f9c07afb5f6cdb1d03ea50015576aeefda7044f9b0d551a6
2,152,e0280f71798870c5d37ad7e1367cbde67eec5264b8c01a45777a6be959d78079
1,303,56c909f13dbc95aea0e7d8db16499f4a68cc749786d32825fcc0e8fcde03e41c
1,304,d7ee3ffeeca340f3f016642e76d20e71247ecf525508e5ee169fdeb6cf296bce
5,20,6855f01b62df79e0f6eff5a4d4e7167662ae0b37adee860a406ce4c897f5d650
4,39,3866753c54e1d025ee7614215be34b82faf7e4265c1bc7d07e012b5153a6faca
3,77,c137327927a634e8c976ae29dc60a3423e5041895727cefc275f19c0d0bb20e0
2,153,25fd5888500b10c54440221358cd48fa0a9802e3aa9e4c71a97fcc8cb8d06f6a
1,305,7aafdc18ac2221cad7e38f5ef7bd982d36a60dbf5ab1e2073ac14fe1c6dfe9ee
1,306,e976b628cbe91f669ea7ff92a4537ee10c7e1c068b8f9bc435bb2f93300456e7
2,154,e5de2c9352a6c0d9b1d36de765ec7ffcdf44c8da34c622fe38c459a69aee6b45
1,307,ec979f4c767427ea78ca8bd77106a0e2630fbd3ea9e77548cfa6d7d61b42e0d3
1,308,36dc9ab15435e34a35d1f6191b0987b245fe035fc6ca307bc788e2d428c88fc6
3,78,28bf67288b821d94835ee64d81d05009a391cc1bb758d300dbf58c03d66e2a10
2,155,34349805ab6712fbedeeb13aebf6f2e97260787953f171cff26b9db734c4ccb2
1,309,8ce744c9728dd951a81c0075a5e5b24d4fdc3768186ce999842f266c2c1f5d3f
1,310,77476602f02d2be074db48d90125ac5365d834ca7572267f05666792e33322d0
2,156,29e78fb2a30848b72719f6453ecab3eb42d13dbeaab5c52a39eeed1d06ad06e9
1,311,58450d3a4815d233168ebc233e262bd5af640a8532fa3e79130665beebcb2cb1
1,312,1a1dbd20ae601966d06b956d1107c7e4d41f54ff45a95161d4f93971a6ae8da0
4,40,6deb7dced117f0fb25da78f355edf118d0a45496d2c935f37fe163bbdf7ebecc
3,79,9f8de69a062b3b0f7ed708124dbf3f4fc3fb579bfc967b1cf8ef4ebd7310910a
2,157,507fe6e104fad3ba8b4a5fef1e9b0d4d942ce830e137339e99fd2011c9100bd3
1,313,1d6fd556cb779b5256766419bd077118f8dd967543acc46e257c0ba04590ee50
1,314,b1dbb3892ab032e240a9569547e7286d00e5a6ef37157d5d0d422c3e3d71db4f
2,158,2c0fbec3f00637e375b0b1079cbe47fcef49fef4c5232ab765180b71cacefb5c
1,315,646babc809f977cc6881eb47db6f75d82e5e5957ac7f170174d3e3655b940645
1,316,d490b42291f167a389fe0ca8cd7dff6f472c8d3fd976c1000882a8224cfc036e
3,80,c93fb6bff5be25f52725ed846b7b13ffa8e6392c5908359e2073823973c95506
2,159,0066b9c9ee424c562bb54232fd52dbb2caa7d0628f91af03a3f1b21261c7cef2
1,317,cbf8014d6a684d52b3742350b02f4562ade93184f386834c5d9c30da96a3ceb8
1,318,876da1be4431f5324bd74dbf2edc6eb42a56588aa3ded5b0b65593ae244a19a1
2,160,648fb749f665b77f5f2694d4e96ed49f202d6fdfad8d2cba5284023150f82adc
1,319,6a66d80ba34f247dfeaa7a85b121599d02c26aa7a9a0fd1a6184839cd05f334c
1,320,4d789c34e47efbfdb9830dbbbcb12cd2f016678ab10063c7c22b05110cf91d1d
7,6,5fc1e5adbdc1dcc2351008ff7736089d64c12ff54f1735b5a593fc777d504bfe
6,11,6eaf86ec8744d4c7eed18ec7d78742a3ff56a77b519dec563f1c66dcd9fbfbd7
5,21,d7f32310a96bde05b6e7dc6b2d7b64fed0b421ab3a0d3e9809664b10508ff6d4
4,41,405f39489cf7b4851834bd04e1cd26150e7d0d63059fc79b1857cc9ee9a87def
3,81,dd353113dbb0e44311a2fca2ccd5d65799eb520b40d92ee8202ad546bb50bbbb
2,161,3a56a7f3454b7a90385a384334132d0293f032a21a2a170db1ac4831393aaa6f
1,321,a7e6c0abed3305130b24745b68a2e2b8042abd2206144e6d739d306312916909
1,322,454d74f6fc295fb26b6f960966e814dbf6a0297380a804d94fa49c9256cc531f
2,162,a06413a8208e6280b19a3261325eb3c99be6bd93d16433d3a5de228639b8427f
1,323,bc9911ab56051719f9d8c11a72ed907b319ffe84be770a79fb3e7c13dfe43094
1,324,d6b5459476acc9c4b2d734f6f19a5261eed2de98beab654d19c9fabf1c88f3e0
3,82,b3af8fa1994fe689ff09ff802a65bfe2e562a89b473a5104f8b2f7936518ce1b
2,163,27924bd8be4ea1f84e00844a5ff5f4ffbc6aaafd456603a8d136fd6ce5f68357
1,325,6f5db656d1ab8b6860d881ef7c4f757739ff779fa58c39ef585651b90aa0c313
1,326,b89f133934acd25afe05c0feafd1a1558e22899787880dc5e183155d47b22c8f
2,164,b5229d6cfcf2542f6674c10bf02eec374c7d01079f02b7b95dbaadbd4835e9e0
1,327,ba4c610a709ca7e5329833c47f56933c2020b53cd4088c6ae10e6c92b4781ef2
1,328,94d875988ff82b66d6ff7544a2f40be767a0ef770d56d3cc1e6e33e3acbe1855
4,42,751b92416e3f48f2a80f78932bcbdb47bf4173245e1874ada1659b686adea818
3,83,5c04a9fbd89f79ba7918ded7f9aa2db8f7b6b305fd954c5f2d97d60267d1ddf6
2,165,fe17d0a9a947883474839093a69692322dd27bc396982c39a86b39977025a68e
1,329,eb3ec5baf883f0051dffeebd4dcc461a218bf59c89d6ad5df9524362f63bc642
1,330,55dfd140a82874b9d623b0b9050859a6a10f852548582cdfdd9508e37023acd6
2,166,c1d0fc1685ae4a6a3e202ebbbc65873e142a0a78a8b7039a64b94770540da34e
1,331,8ae9c0ea26110e49a909d7027a94e7825cad18d85b684981282d0a24f25bba54
1,332,6727d621de81412c909be91927a6f162da077337bcd22f11974300b446d9d8a6
3,84,0aa52477a6a346293cfc774063996397a3150c85187e276f9c2b6a85e22d51fb
2,167,5fa66299b08a0ccce97e7fd8d51f62da482a09c51126c748420c9df58e9722e8
1,333,a5bb274a20e13585f97aa9d174e74a2ea62baa18941d05a5ad6cfb4c7110bc0d
1,334,73861ddc6be2623dcaa1766d6f40164a59059216c4173cdbdf82e6cf1de04cdf
2,168,88bc00da666a63ab41994b1843d03719597da602c89391f909d227c69815d912
1,335,eab5f3e802fe9517664aacd914c666355f3e69969222d0017f61c88fe4a4dd38
1,336,98830c04e00af1ca2e657a6d58a868b35c692f7e34018e4c6e0bf3d84b8d55c1
5,22,179712021fd36b022c3b87f5650e0b890aa4998eeabe76b97f02a3aa386dcc2f
4,43,6827669c1f87433507c35854c9f04d1a84cc97c353dd4e176c5964c88761da20
3,85,327fe25656554ce835d0f683492e68fd0949d079ded276b839e50a1a689192d0
2,169,db15f40ae0047c526c154dc05c6f73a69eee490c8e13b9251039109105e700a9
1,337,edfba1b7f3595201480327b251aba2525604d54ba42340db5128c5564c56158b
1,338,14ec2804bca9e320544da6ddd247eebb2636aeb41e0b560127b82f8ed7d702f9
2,170,d03a9cbd9fc0caa622f447b97a5fca05947d9ca21dcc10f04ded88808bc0835e
1,339,68cb164b61957a130f7c8c28d38398039d48f410ba1c01d41d20802ec650350c
1,340,186e34bb37d9840a85c992b297c2371c76936f4e9ef3a205c7a6809e6ba98f9d
3,86,c3b42957e2bd38dd135bd6bd40efcac1e07e488ac0208a46e6dc565126dff384
2,171,b7f4caffb37beea08661e3b2f28be1e75c3e3f861b3c9e2298998e424a584c63
1,341,a39f4f9446570603064a0691b80ebdd38b71b3d40a01b460b1f83bcfa55c11fe
1,342,424d0c4c0c8549bdf1ef9c24807334f5d4bb565b67d38aed8a3af93f94e1df67
2,172,f36b570fd2bebe933d061cd17bc5c1ce5181354ee57164e78d4ea9b3ee7055e3
1,343,5d72eda2fedafc9abe1dcb8e1af119ce2d0fd8028d0429fe8e186b5a52499074
1,344,a947780598df285daa6019f1e91df86de55f663343ddac22b5252f667b5da27d
4,44,55f4205a0506afbaf33fdc93662c4b56609ec184bc1ca6b070332e0678ffc046
3,87,78ca159a8636b2f031fb3650489ee53d6521f5ccc8e7730597e67cca9b081bfc
2,173,e4ad060270527ff1534bb6fdff012f47ddd338edb1da054e517c72f066a09080
1,345,5a1268ab7971b8f18aff9943bee326126bc510a3b5fdb7c03f2d1e8794758186
1,346,750f6bbedb83651cd5cf4b10ed09788a57c4fd1faa48ac9e7a8ee096e6b2920d
2,174,a14150da71e56a6ff5defcc440ab272d23975b234ac269f9b0471849f39e8f33
1,347,0fc353e8032e4770d9d3fc56543436dd936d5871d117572b1d34f5d3004b5ac6
1,348,bdf9ca5afaddbbbcedf07c82ee853b0abcfb9fb4f9e5e7f4fab1b7fe79dca687
3,88,542a7fdbd9a7cfbc8d433637948a4e4ff3763e9d8fea7ee702f725176cb145bc
2,175,62c371e194ebad60b89bd60fa79c27dda30d5cc5584165985405cba2d55ab0d1
1,349,e52998090b36cda3109c2f6b3c828e2cfc278fe05c655e0e1beaee6cb258cff3
1,350,106aa5ab6134e18774d6fba0e59a77ae0b7f82d3b2f279b1e16978dbe0c6efe7
2,176,f1e709a25e597b09530e71050041e73a780c9374ea7009c492d8c030a442346e
1,351,5cc80ab2619d384428ee93b337b5ad663ba07ca2efb73245dc1a2ebde69cd244
1,352,2c7b2c665556c080b5ef31e27c2f52b5ca1d8bf2c35ad0519585e483f531a883
6,12,a6e487a5c43ca1f101a5868087b091cf5d9eb8cab749408fb927977c8e6dfd98
5,23,1c02ee692f2d3dfe37e4f16f9e8a98601d9b5467fe209262350592a1d2ffdba1
4,45,eb282d494bd8556fe776490db9757ad59078f88d8d5b1a9b9c411975aa59dfb6
3,89,9320799ea347091f8b4a7a7a7d9dfaa910776f67c156faae96fd6d2c334e9109
2,177,b595a1ecd73f685726891e6ca419af83701d6a72efac96b2323c510bc747dad1
1,353,036aad718c2b4394d251092c94c080e2fe81bc6b8629601d0358338a2412767a
1,354,cdede832184655052e7f1bdd485207ae83935f9a4b0460e8a8aee1791df3e8bf
2,178,f51b8d5be63e5d8edac2fe0f1f0d10e23682587fe4594478b246ad05fcf41eff
1,355,cd2f3e913131170f372d3a6ee047ef2da4cf37ca44e40b9694bc93ad3c0ce969
1,356,8fb9be6c4bbcb825b0053b07ff5b4dfcb671b1ceca2ac50abb11679b73b298b1
3,90,460421a36a85dd5cdfaa444688a01157ac759147c97756ddbd20e374436321d0
2,179,dbe9058b38f9f3cdb78b20dc98631fbb7f9367a594ee899ec5673f0c9e2acb0e
1,357,05bc7ca0fff6595fdc9b32b333628be343e6bf7f04289971e90b9c44c5e13970
1,358,17971e8ad2801c531cdb30534027594fc6fa0510273319d92924142305075aeb
2,180,700b65afa754254bff56ee44cdbeedcb3de76e103e811cd782356c1a1b1d846b
1,359,c09f533501baf717f8c71134b38cf40d64cd3adafc5bb21dc75a9c706ada17a1
1,360,00c5938de801d1f7ed9f96ce741ffc83f4ee3a44a03d58b87c220cd61e76e03b
4,46,a2b6a40b52f56de70a1f20e12bd51021b8e54ddd6ab9171c814f6b480d0077b0
3,91,29f5395c3329b442f2a9c28ce4b71212e47a49dfa5149f54cdcdc2c426116634
2,181,77bd6131359f43aeeb082eda483b22ee7d71221c01fc654ff20bed04498ce3a7
1,361,7128b9d4a61e3903080da8e7647e96e29ee83853203da4956305a0037fedaab1
1,362,2839a2ded8319406592b73af8a1a88b99c36ae4f4d242243ea7237f2d4631d99
2,182,ad364b4b80a7410b6f0e9040618cfd966cede90ed04856cc1f685bbc91d1de06
1,363,2ca5a8e015c7401df616d9fc6dcf4484ea76a9e10f39a897985448349d01508d
1,364,cd86d62bc4930042e0ed069308fa063615316bc5766b0c130af8bdbe550a987a
3,92,c5eedb4d614f5e95ef2add40fbfa7eb25c2d1943db8834e17d9a64baf180b384
2,183,dada886c58afe22a1bc7be8841fdb01aea29e6eb70d18ba8cfd7ecfdd83e736d
1,365,9d704de58a43f0baaf41b79ee1cc18fe67d08b201c573b2fdbabf208c3456dc8
1,366,084bd6326d5a043d108353cb1f70bf4fd52a42af9a883840fc1d6d1f876c0d7a
2,184,1ba85e4aac31d55b7afcf08141a5ac9fb4cb553187f3260662d7ad565d6be810
1,367,bdb235e6d35b0a4085513624273489f84ca13a578c6c51bc3d087cfc423b678a
1,368,5f6946b4e9116945bec5cf5e8d37038537a8e14258d3d6825244bb3ffe629b7d
5,24,06d27cfa91ccd957b44a65318091a06395d9dfdb2491ed47eaa65a2d4ec321ed
4,47,19d6698d84506c5c68f43b577edac1f6eed7a2a1b8d9d55a23f444a564e9011b
3,93,36712dfa47c4a6abb63217111e00cda53426abd478777b3b6b23ae90cae4b832
2,185,cd01639eb6bfb05cff9e052fd05d75a864a99c80c5c198789e3a93483d7774e9
1,369,e69b29e0066e936ab273f8fce83b30f55048d13947985086003cb90556d32009
1,370,bf53f5ce3c79f6e7fdca6a1a5b5d17a3d3d3677e12be59d7d272caaa8fea47d4
2,186,3f9b384fce2a987c0a78cce32bb67ec82225504700df285982033cbaae8028a9
1,371,58173a439c12b2c50e251e3061a45d85b36e536eaabd6a5d7c1465d1b7126c0a
1,372,84fbcfd0fdeae5ef21c8f6b910bb80c6827dfcf4748aedbeef04f56f12a96902
3,94,b49c4f897c0b4981192012f0a6c8155c575bbc2abb3879ff9bb0adf5d16063b9
2,187,6cee5f0ca39622c9026ed7922b2fabb614c049a17aa8d0790f74420a6473a1b8
1,373,faf718e9470d72c6e9072cc0dd1a177346e871ca3b8bef61ad8ca3d2657ad417
1,374,d61107f951b6738af06da285ea0b0cfd01ef9c658e2b97a5b14d4046e2dfb942
2,188,6b26b15b9bfad32dc86d4e1281ed6987c91639ba997df4426012ebce1c5e9c27
1,375,1c72efc24b83b3781236adbb56c4127e821dbc55049a5a3cd829afe463b816ce
1,376,9b4da706085b74e89f998bda4c558bbb2c8ae2e56a37985fe9910e92ec49b1a5
4,48,5fc134916d77e0aefee6d6f2247069bf8428bacd33e374527c44521d1f8a5f7e
3,95,aba015f9bcb8b5114fc559756f06df4a2fd12f91c97f8f712152f3556a0374a8
2,189,c9076fd75bc6859a1bc054d8e7fd4511eba10f75abc9e4674a954d6664935379
1,377,e50447dd2277995949e92c9d081e3e8c4da17f92fb8847e494c2e7b9cfb982e6
1,378,3d7f0d3b548510a8584a3c90b8c4a9fcc0d577ba6b4adf4e84b28582dbb5f3bd
2,190,1ba3e2cc5c0e115c16578d7224c541016eb82fb0817a2c59bdaa4b2ecbeaf6a0
1,379,cf2e1f1ba2acb0ba6633f382a1e268be54afbbdc3facaa35009df87d13e06a57
1,380,3792c90f2dde966db2ef35d8ce7bfc3a3eccb3c3a083c587720f3c65d13d7cb1
3,96,e24c14184f75882efe0964ebe85fc68fd5339dadb7fe7a5b848a33e7a0b5daf9
2,191,5efcef2d0f7863a23f7bb9e31ca95c2536c2bdef06e02ceddf37fa033317148f
1,381,e2aeee4f9cca00987bb86e39497853ff7c16b50e1e6d974727121ec5e7c16a1f
1,382,79a0ed5f13d1510480db6de8125de7a661cba0506786f865184492c397e7a69b
2,192,0a844766585470ecf1010743fc02439be3f469b2350bdb62f123bd128cbe9c9f
1,383,befa0b00e6cbc7838cd98b94debe977239e257637e9c72189bdde93903f13e35
1,384,5460376aa6a768196d62b6d300d29f579cf44a6b1fd8d585a9ac0288df683534
8,4,21670ddb3990656d2a55cb4d824c62e5ed3ebd2c9aece9aa2a01ca75d887f864
7,7,62ffc547bdbdd68084aa55c947eb698b7404663110baaabbd5bad5ea7cf6de8f
6,13,7508890d667ddad36630361b669b9903b4302754de19821da38add39f70235b0
5,25,427248fde30665d9dff558ee73d976047273c71418f91958d867f0d7c999b0f6
4,49,965797e81aa30b9e63015b68a248b774c948675af767a00d1a46aadf2ec20e66
3,97,cf95f1db9124e417140994bc5f622ad71ffa63f9c84bdc4ef895b8bb04e4f14b
2,193,337adc7de269aabfee834095a067a85169bfd4b95e5f0c0140294c910dc23313
1,385,55a06587448b200742133b6cd6443ce1439f36ddbf11c16b7258404e13a6e2df
1,386,87b5e26b207aac9c91b4507dd1c9bc748ef9c891e674692dd600b7f4184b9cfc
2,194,ab8a1b8cd8b62da0195e088bb98105610941248e55b1b5756b67f4af0ed266a6
1,387,a3c9befcdf8332d0e6180c6ac057060125316ee6c62ab36f8f40e63bc2f3b5e1
1,388,da48cb4fa520092981978136b99a3b327b1005e603bc97339f73226956612a5e
3,98,ee7b95dedee1548e06eebbd8bb461a6e5fc46b3daa4bf5c22bae71d996f9f10f
2,195,2a638e45e952ccb8175ebc1b18b8d3b9dd088ec27cfa88faf063bd233ec49973
1,389,e5276bce6e42267def7d8d9140ecbe032e940426b3d66c27508af641b323c29d
1,390,80672d5e9f8248c61d44f8dbe4e5ece15d25c5ce08783df30dbca271f46e55d4
2,196,c3a6abba91c7ecd5b670b853009aa3a396e49dda0a5fb4aa4cff2a5fddb462f7
1,391,b0bd68c585827eef8978385a6d4bdc4787c3aacfd71e1703764c9cb2932a04f1
1,392,3914018f339d37344e86634c4c902dfc0cfc8cf66ac545a58572a3a61e5d850f
4,50,2515f4c81d18204427f1d3ce66618977dc15766387655594bb8a6fe70f270b58
3,99,895d8f1c9d0c004dec9cee057441f190b28f7bdef2b8b563be791d127d6ffb0c
2,197,4deea1fed60547f33233d56ff4759a81288e9f26d8aeb7eca869f3338901e23c
1,393,ff71ed554b953dd3dc8b8aa296780722f91ff44d9db5124138aa7a479c63d63b
1,394,8cbacb4fd9d5933cde27ade31e6c1085aad3e3930a914cae30894cdee07304b0
2,198,e85a9a05bdd401acd69e81a45ad971aa3557a8b71aec0b14fcc6a7bdc0cec963
1,395,e828ddfa03278106e8badcaf5fcc261276fb241739509c3f3752c2703477681f
1,396,7dfc2d915b0aed19347d4e3b7af96f23adef68e966acbe3bfc4302bd14b2426f
3,100,b2a191ab1c36d558bef3f7c52b5912f71b753501912f9082f09ad13cbe4fcfce
2,199,636e7ecddda54b26664143715000b116768f3d5fa6f088055f39d407f7fb6dee
1,397,1934d49cc987d7bc56878b08f5cfc018e1989328f2117415a43cb332e08b9fe2
1,398,3017164d7050d5edaddcb003c2867f164baf3cb0f5a98cdda8f08fb29887dd64
2,200,f411ab93166a36d4b94c0029fa05f1532e2ec4237761ad06b1f0aaaa7e5669eb
1,399,3fcd4090b60eb71575d4cfae7c3577fa9eba40e687c67329369212dd484bae47
1,400,68495356c945dcd90c41e390482a1133de927032b32f191ad31a926529fb63c7
5,26,ab28af7e6b62a62fd108b401fc711f8ef0e68f3d0e0c9e0192202dc6b8427e7b
4,51,5a9e6852effe114c523e2e81702a0a6aef6ebf9b639c15ca7d2e5ef83aebffb9
3,101,4d785bfdf9dfb0dd5893255a74ae1f9c51584f5e4657545db0676f1773bd09ab
2,201,7ab7f9b57f4df3cad08187636e085a60ab2527ac860acd34959b916dba002f25
1,401,acdf417c04c3a1900300868afb7424c67db2fb55f5ef85143b8d760107e139fd
1,402,8a3df052f747440684c2c90e5a6362b58bfc0d0576cc670e295c88fb0ee21c74
2,202,5c3c089fdb083df886374877ebf52e49960235af393eb8f901cde24846bd159e
1,403,b2b8ca7bbd56d5834efccbe1c7cfeb3c117b16a92c3e79c31090c71893b7078a
1,404,a3d27732d3ccd09fe94827e6c7973836296daacbd3ee4889197ad900ef709835
3,102,15b280d7abf06df89c220c358f150372d0e876821be56c2a67e688c1af521f24
2,203,3bf846f79100b6ae6d97918ae3f16b433740f401483ee7f0d40b9308f2ebf9d7
1,405,3d833e1d6d4bed9290485b43a12dafc5616142ce453e203b44e80fa0baf4e2ad
1,406,e23a6507250e770607df7597f16068baea2991ee241b043e0dbf757c61098ba6
2,204,920e5d5297a09c9b5b65969a34047f4ed86ba4a77e26cd2536dee2d90cd074b3
1,407,96554caa08debcbf5cebb137527ce0e840666ef346f02e5904d90177500c39d7
1,408,3ba147f2104f61fdb3a1e24e11ffb1af369e77127b7cae661cb1c694d401e441
4,52,a75d6da7196f1e3d4dc22bbba77c4d678aca34852ef8a82ca8ac45f2a9c26e3f
3,103,92bb41f62e97b0c8ab0bb53c067d37130faf232a07699f500b6ede874b51c0a6
2,205,66ef3a1232356e8af38bb3ebb92a917ff049735928cf7203818658375a39a7cd
1,409,2217e14e63fd874c65149bf155db9b6b69b22be9b4332af98092e87fd91e8916
1,410,1a09f34940ae8125b28a8c8b3b9dd7e64b3121498f7a5a45b6e8ef3883aa79df
2,206,a976163829e63c91e2c83bcdbaeab74177f93b006cb9dc99c40d2e1da2a48529
1,411,25d5e8cc1edb3bdfe50f412f829f299f52ff1cf34d688bf5d8277e5f575b328f
1,412,103562c6fec3c37cd907174fc0c2ff052139901a6055c8d9d0ae5b1fbe33abdc
3,104,e05858a9b85cd9d38b65b12c4e0b325f8a77b3f3fe98346e7c6d8fa19dd167e7
2,207,45d227a6e0905f7c6114bfee7f8bf1fbc15db275cbba270db0a3c4284592ebe0
1,413,a4a18b8cd02eef37f329dda18634a6da287a262aa0cd7dee030732fe53030864
1,414,bad2425a91d0f88c01092d6e548bc1d7538d1611084d5bf4eb2a21111d9c1da2
2,208,63e84d5386a8f2d40ceaf1ce6ff7cffbdbba55b8e5a8ecec66107621c6d3f0dd
1,415,f533b4e5d70509a35ff38f15cb97fb054411a1e739ce54800032d3a3251d12c8
1,416,eface5a15e8c6647bb69219a426806c7d0a216a383af898837d02c0a9647826c
6,14,ded097cd2e5dc6f5536198d63b4697ef1f32329d978fadf72f713d921c2ffe42
5,27,65b67ca3ff542e5b40a93aaca560f748a709726ee6954bdc440f045a86bba7a5
4,53,0ec63ffbeebcdac3135e3783e70c0f669edf96569638b1e2270a63455a165141
3,105,feb835a183d3134af12641a7c7cbfde4f39c15ff543c7d3578e548326f522f1c
2,209,935a0ee04d1a17b435c45304245adc3c9762e5bfff52ad26952b82e5eaa422df
1,417,265099b8be9b426c4cf3f8616f1a692a2791c503238ea812e1d10acb381dd9e6
1,418,573a9c24c9770fdc3a49f1e233e2b72bb22a358a33c496d9e1fa428532d0b7a5
2,210,f8136b51105b5968f57c1d2351e0b4a50408bed21b9d5e2aec9b29d658ab55bf
1,419,9107cc713036466e83f14bf664d1894e529762580c1955006d42998392997a4c
1,420,efed98edad7af8492c5dcd8956cf9f1e6072c3605e2323218db9b3e398836914
3,106,8ca30d4626201963d1077fa011d768eb19efd193947d6bfa6e07d5669691f12b
2,211,5b93df8baf8a551d6b01b30f1fc44af2a279bfe1b69b7c5b906ef893f3f68623
1,421,9306e27347bd2e9fe01260eae3234f9e1267c6dc301df63c4aee6422cb7a1cc3
1,422,05364272f28798762e3bbe2fc2e7da6d8153afd7736533c1eb761136ced716bd
2,212,64c1f40aec2ce202b84b37aa9b54062ac3fe067cffbd48854f1df861ba19ba93
1,423,afac8d89f31f50d875d47627d4f6270f2c6034f742086f10b6d72b361ed69661
1,424,84e9653d80e5e2b70b1a70bd70e9d63210fbb3c3f27d66a3563886a19ddc650d
4,54,4e7dbc9178c3845c5784fd71f25417fb16d8dfddff89d5a3519a5262eba7d729
3,107,3fcdd37b319b5e0db2722b4f11638758948f4ac5804f8029b0bd059fe29a57f0
2,213,116be53cdf4923744d1874969a7a0585d0f2eced587c31fed17fe104e3badc15
1,425,f50d7e1b92ec6b1ee3db5697f7e8ae6c17d112cc8f58ed0cdf4ff5b879194bff
1,425,f50d7e1b92ec6b1ee3db5697f7e8ae6c17d112cc8f58ed0cdf4ff5b879194bff
2,213,116be53cdf4923744d1874969a7a0585d0f2eced587c31fed17fe104e3badc15
1,425,f50d7e1b92ec6b1ee3db5697f7e8ae6c17d112cc8f58ed0cdf4ff5b879194bff
1,425,f50d7e1b92ec6b1ee3db5697f7e8ae6c17d112cc8f58ed0cdf4ff5b879194bff
3,107,3fcdd37b319b5e0db2722b4f11638758948f4ac5804f8029b0bd059fe29a57f0
2,213,116be53cdf4923744d1874969a7a0585d0f2eced587c31fed17fe104e3badc15
1,425,f50d7e1b92ec6b1ee3db5697f7e8ae6c17d112cc8f58ed0cdf4ff5b879194bff
1,425,f50d7e1b92ec6b1ee3db5697f7e8ae6c17d112cc8f58ed0cdf4ff5b879194bff
2,213,116be53cdf4923744d1874969a7a0585d0f2eced587c31fed17fe104e3badc15
1,425,f50d7e1b92ec6b1ee3db5697f7e8ae6c17d112cc8f58ed0cdf4ff5b879194bff
1,425,f50d7e1b92ec6b1ee3db5697f7e8ae6c17d112cc8f58ed0cdf4ff5b879194bff
5,27,65b67ca3ff542e5b40a93aaca560f748a709726ee6954bdc440f045a86bba7a5
4,53,0ec63ffbeebcdac3135e3783e70c0f669edf96569638b1e2270a63455a165141
3,105,feb835a183d3134af12641a7c7cbfde4f39c15ff543c7d3578e548326f522f1c
2,209,935a0ee04d1a17b435c45304245adc3c9762e5bfff52ad26952b82e5eaa422df
1,417,265099b8be9b426c4cf3f8616f1a692a2791c503238ea812e1d10acb381dd9e6
1,418,573a9c24c9770fdc3a49f1e233e2b72bb22a358a33c496d9e1fa428532d0b7a5
2,210,f8136b51105b5968f57c1d2351e0b4a50408bed21b9d5e2aec9b29d658ab55bf
1,419,9107cc713036466e83f14bf664d1894e529762580c1955006d42998392997a4c
1,420,efed98edad7af8492c5dcd8956cf9f1e6072c3605e2323218db9b3e398836914
3,106,8ca30d4626201963d1077fa011d768eb19efd193947d6bfa6e07d5669691f12b
2,211,5b93df8baf8a551d6b01b30f1fc44af2a279bfe1b69b7c5b906ef893f3f68623
1,421,9306e27347bd2e9fe01260eae3234f9e1267c6dc301df63c4aee6422cb7a1cc3
1,422,05364272f28798762e3bbe2fc2e7da6d8153afd7736533c1eb761136ced716bd
2,212,64c1f40aec2ce202b84b37aa9b54062ac3fe067cffbd48854f1df861ba19ba93
1,423,afac8d89f31f50d875d47627d4f6270f2c6034f742086f10b6d72b361ed69661
1,424,84e9653d80e5e2b70b1a70bd70e9d63210fbb3c3f27d66a3563886a19ddc650d
4,54,4e7dbc9178c3845c5784fd71f25417fb16d8dfddff89d5a3519a5262eba7d729
3,107,3fcdd37b319b5e0db2722b4f11638758948f4ac5804f8029b0bd059fe29a57f0
2,213,116be53cdf4923744d1874969a7a0585d0f2eced587c31fed17fe104e3badc15
1,425,f50d7e1b92ec6b1ee3db5697f7e8ae6c17d112cc8f58ed0cdf4ff5b879194bff
1,425,f50d7e1b92ec6b1ee3db5697f7e8ae6c17d112cc8f58ed0cdf4ff5b879194bff
2,213,116be53cdf4923744d1874969a7a0585d0f2eced587c31fed17fe104e3badc15
1,425,f50d7e1b92ec6b1ee3db5697f7e8ae6c17d112cc8f58ed0cdf4ff5b879194bff
1,425,f50d7e1b92ec6b1ee3db5697f7e8ae6c17d112cc8f58ed0cdf4ff5b879194bff
3,107,3fcdd37b319b5e0db2722b4f11638758948f4ac5804f8029b0bd059fe29a57f0
2,213,116be53cdf4923744d1874969a7a0585d0f2eced587c31fed17fe104e3badc15
1,425,f50d7e1b92ec6b1ee3db5697f7e8ae6c17d112cc8f58ed0cdf4ff5b879194bff
1,425,f50d7e1b92ec6b1ee3db5697f7e8ae6c17d112cc8f58ed0cdf4ff5b879194bff
2,213,116be53cdf4923744d1874969a7a0585d0f2eced587c31fed17fe104e3badc15
1,425,f50d7e1b92ec6b1ee3db5697f7e8ae6c17d112cc8f58ed0cdf4ff5b879194bff
1,425,f50d7e1b92ec6b1ee3db5697f7e8ae6c17d112cc8f58ed0cdf4ff5b879194bff
7,7,62ffc547bdbdd68084aa55c947eb698b7404663110baaabbd5bad5ea7cf6de8f
6,13,7508890d667ddad36630361b669b9903b4302754de19821da38add39f70235b0
5,25,427248fde30665d9dff558ee73d976047273c71418f91958d867f0d7c999b0f6
4,49,965797e81aa30b9e63015b68a248b774c948675af767a00d1a46aadf2ec20e66
3,97,cf95f1db9124e417140994bc5f622ad71ffa63f9c84bdc4ef895b8bb04e4f14b
2,193,337adc7de269aabfee834095a067a85169bfd4b95e5f0c0140294c910dc23313
1,385,55a06587448b200742133b6cd6443ce1439f36ddbf11c16b7258404e13a6e2df
1,386,87b5e26b207aac9c91b4507dd1c9bc748ef9c891e674692dd600b7f4184b9cfc
2,194,ab8a1b8cd8b62da0195e088bb98105610941248e55b1b5756b67f4af0ed266a6
1,387,a3c9befcdf8332d0e6180c6ac057060125316ee6c62ab36f8f40e63bc2f3b5e1
1,388,da48cb4fa520092981978136b99a3b327b1005e603bc97339f73226956612a5e
3,98,ee7b95dedee1548e06eebbd8bb461a6e5fc46b3daa4bf5c22bae71d996f9f10f
2,195,2a638e45e952ccb8175ebc1b18b8d3b9dd088ec27cfa88faf063bd233ec49973
1,389,e5276bce6e42267def7d8d9140ecbe032e940426b3d66c27508af641b323c29d
1,390,80672d5e9f8248c61d44f8dbe4e5ece15d25c5ce08783df30dbca271f46e55d4
2,196,c3a6abba91c7ecd5b670b853009aa3a396e49dda0a5fb4aa4cff2a5fddb462f7
1,391,b0bd68c585827eef8978385a6d4bdc4787c3aacfd71e1703764c9cb2932a04f1
1,392,3914018f339d37344e86634c4c902dfc0cfc8cf66ac545a58572a3a61e5d850f
4,50,2515f4c81d18204427f1d3ce66618977dc15766387655594bb8a6fe70f270b58
3,99,895d8f1c9d0c004dec9cee057441f190b28f7bdef2b8b563be791d127d6ffb0c
2,197,4deea1fed60547f33233d56ff4759a81288e9f26d8aeb7eca869f3338901e23c
1,393,ff71ed554b953dd3dc8b8aa296780722f91ff44d9db5124138aa7a479c63d63b
1,394,8cbacb4fd9d5933cde27ade31e6c1085aad3e3930a914cae30894cdee07304b0
2,198,e85a9a05bdd401acd69e81a45ad971aa3557a8b71aec0b14fcc6a7bdc0cec963
1,395,e828ddfa03278106e8badcaf5fcc261276fb241739509c3f3752c2703477681f
1,396,7dfc2d915b0aed19347d4e3b7af96f23adef68e966acbe3bfc4302bd14b2426f
3,100,b2a191ab1c36d558bef3f7c52b5912f71b753501912f9082f09ad13cbe4fcfce
2,199,636e7ecddda54b26664143715000b116768f3d5fa6f088055f39d407f7fb6dee
1,397,1934d49cc987d7bc56878b08f5cfc018e1989328f2117415a43cb332e08b9fe2
1,398,3017164d7050d5edaddcb003c2867f164baf3cb0f5a98cdda8f08fb29887dd64
2,200,f411ab93166a36d4b94c0029fa05f1532e2ec4237761ad06b1f0aaaa7e5669eb
1,399,3fcd4090b60eb71575d4cfae7c3577fa9eba40e687c67329369212dd484bae47
1,400,68495356c945dcd90c41e390482a1133de927032b32f191ad31a926529fb63c7
5,26,ab28af7e6b62a62fd108b401fc711f8ef0e68f3d0e0c9e0192202dc6b8427e7b
4,51,5a9e6852effe114c523e2e81702a0a6aef6ebf9b639c15ca7d2e5ef83aebffb9
3,101,4d785bfdf9dfb0dd5893255a74ae1f9c51584f5e4657545db0676f1773bd09ab
2,201,7ab7f9b57f4df3cad08187636e085a60ab2527ac860acd34959b916dba002f25
1,401,acdf417c04c3a1900300868afb7424c67db2fb55f5ef85143b8d760107e139fd
1,402,8a3df052f747440684c2c90e5a6362b58bfc0d0576cc670e295c88fb0ee21c74
2,202,5c3c089fdb083df886374877ebf52e49960235af393eb8f901cde24846bd159e
1,403,b2b8ca7bbd56d5834efccbe1c7cfeb3c117b16a92c3e79c31090c71893b7078a
1,404,a3d27732d3ccd09fe94827e6c7973836296daacbd3ee4889197ad900ef709835
3,102,15b280d7abf06df89c220c358f150372d0e876821be56c2a67e688c1af521f24
2,203,3bf846f79100b6ae6d97918ae3f16b433740f401483ee7f0d40b9308f2ebf9d7
1,405,3d833e1d6d4bed9290485b43a12dafc5616142ce453e203b44e80fa0baf4e2ad
1,406,e23a6507250e770607df7597f16068baea2991ee241b043e0dbf757c61098ba6
2,204,920e5d5297a09c9b5b65969a34047f4ed86ba4a77e26cd2536dee2d90cd074b3
1,407,96554caa08debcbf5cebb137527ce0e840666ef346f02e5904d90177500c39d7
1,408,3ba147f2104f61fdb3a1e24e11ffb1af369e77127b7cae661cb1c694d401e441
4,52,a75d6da7196f1e3d4dc22bbba77c4d678aca34852ef8a82ca8ac45f2a9c26e3f
3,103,92bb41f62e97b0c8ab0bb53c067d37130faf232a07699f500b6ede874b51c0a6
2,205,66ef3a1232356e8af38bb3ebb92a917ff049735928cf7203818658375a39a7cd
1,409,2217e14e63fd874c65149bf155db9b6b69b22be9b4332af98092e87fd91e8916
1,410,1a09f34940ae8125b28a8c8b3b9dd7e64b3121498f7a5a45b6e8ef3883aa79df
2,206,a976163829e63c91e2c83bcdbaeab74177f93b006cb9dc99c40d2e1da2a48529
1,411,25d5e8cc1edb3bdfe50f412f829f299f52ff1cf34d688bf5d8277e5f575b328f
1,412,103562c6fec3c37cd907174fc0c2ff052139901a6055c8d9d0ae5b1fbe33abdc
3,104,e05858a9b85cd9d38b65b12c4e0b325f8a77b3f3fe98346e7c6d8fa19dd167e7
2,207,45d227a6e0905f7c6114bfee7f8bf1fbc15db275cbba270db0a3c4284592ebe0
1,413,a4a18b8cd02eef37f329dda18634a6da287a262aa0cd7dee030732fe53030864
1,414,bad2425a91d0f88c01092d6e548bc1d7538d1611084d5bf4eb2a21111d9c1da2
2,208,63e84d5386a8f2d40ceaf1ce6ff7cffbdbba55b8e5a8ecec66107621c6d3f0dd
1,415,f533b4e5d70509a35ff38f15cb97fb054411a1e739ce54800032d3a3251d12c8
1,416,eface5a15e8c6647bb69219a426806c7d0a216a383af898837d02c0a9647826c
6,14,ded097cd2e5dc6f5536198d63b4697ef1f32329d978fadf72f713d921c2ffe42
5,27,65b67ca3ff542e5b40a93aaca560f748a709726ee6954bdc440f045a86bba7a5
4,53,0ec63ffbeebcdac3135e3783e70c0f669edf96569638b1e2270a63455a165141
3,105,feb835a183d3134af12641a7c7cbfde4f39c15ff543c7d3578e548326f522f1c
2,209,935a0ee04d1a17b435c45304245adc3c9762e5bfff52ad26952b82e5eaa422df
1,417,265099b8be9b426c4cf3f8616f1a692a2791c503238ea812e1d10acb381dd9e6
1,418,573a9c24c9770fdc3a49f1e233e2b72bb22a358a33c496d9e1fa428532d0b7a5
2,210,f8136b51105b5968f57c1d2351e0b4a50408bed21b9d5e2aec9b29d658ab55bf
1,419,9107cc713036466e83f14bf664d1894e529762580c1955006d42998392997a4c
1,420,efed98edad7af8492c5dcd8956cf9f1e6072c3605e2323218db9b3e398836914
3,106,8ca30d4626201963d1077fa011d768eb19efd193947d6bfa6e07d5669691f12b
2,211,5b93df8baf8a551d6b01b30f1fc44af2a279bfe1b69b7c5b906ef893f3f68623
1,421,9306e27347bd2e9fe01260eae3234f9e1267c6dc301df63c4aee6422cb7a1cc3
1,422,05364272f28798762e3bbe2fc2e7da6d8153afd7736533c1eb761136ced716bd
2,212,64c1f40aec2ce202b84b37aa9b54062ac3fe067cffbd48854f1df861ba19ba93
1,423,afac8d89f31f50d875d47627d4f6270f2c6034f742086f10b6d72b361ed69661
1,424,84e9653d80e5e2b70b1a70bd70e9d63210fbb3c3f27d66a3563886a19ddc650d
4,54,4e7dbc9178c3845c5784fd71f25417fb16d8dfddff89d5a3519a5262eba7d729
3,107,3fcdd37b319b5e0db2722b4f11638758948f4ac5804f8029b0bd059fe29a57f0
2,213,116be53cdf4923744d1874969a7a0585d0f2eced587c31fed17fe104e3badc15
1,425,f50d7e1b92ec6b1ee3db5697f7e8ae6c17d112cc8f58ed0cdf4ff5b879194bff
1,425,f50d7e1b92ec6b1ee3db5697f7e8ae6c17d112cc8f58ed0cdf4ff5b879194bff
2,213,116be53cdf4923744d1874969a7a0585d0f2eced587c31fed17fe104e3badc15
1,425,f50d7e1b92ec6b1ee3db5697f7e8ae6c17d112cc8f58ed0cdf4ff5b879194bff
1,425,f50d7e1b92ec6b1ee3db5697f7e8ae6c17d112cc8f58ed0cdf4ff5b879194bff
3,107,3fcdd37b319b5e0db2722b4f11638758948f4ac5804f8029b0bd059fe29a57f0
2,213,116be53cdf4923744d1874969a7a0585d0f2eced587c31fed17fe104e3badc15
1,425,f50d7e1b92ec6b1ee3db5697f7e8ae6c17d112cc8f58ed0cdf4ff5b879194bff
1,425,f50d7e1b92ec6b1ee3db5697f7e8ae6c17d112cc8f58ed0cdf4ff5b879194bff
2,213,116be53cdf4923744d1874969a7a0585d0f2eced587c31fed17fe104e3badc15
1,425,f50d7e1b92ec6b1ee3db5697f7e8ae6c17d112cc8f58ed0cdf4ff5b879194bff
1,425,f50d7e1b92ec6b1ee3db5697f7e8ae6c17d112cc8f58ed0cdf4ff5b879194bff
5,27,65b67ca3ff542e5b40a93aaca560f748a709726ee6954bdc440f045a86bba7a5
4,53,0ec63ffbeebcdac3135e3783e70c0f669edf96569638b1e2270a63455a165141
3,105,feb835a183d3134af12641a7c7cbfde4f39c15ff543c7d3578e548326f522f1c
2,209,935a0ee04d1a17b435c45304245adc3c9762e5bfff52ad26952b82e5eaa422df
1,417,265099b8be9b426c4cf3f8616f1a692a2791c503238ea812e1d10acb381dd9e6
1,418,573a9c24c9770fdc3a49f1e233e2b72bb22a358a33c496d9e1fa428532d0b7a5
2,210,f8136b51105b5968f57c1d2351e0b4a50408bed21b9d5e2aec9b29d658ab55bf
1,419,9107cc713036466e83f14bf664d1894e529762580c1955006d42998392997a4c
1,420,efed98edad7af8492c5dcd8956cf9f1e6072c3605e2323218db9b3e398836914
3,106,8ca30d4626201963d1077fa011d768eb19efd193947d6bfa6e07d5669691f12b
2,211,5b93df8baf8a551d6b01b30f1fc44af2a279bfe1b69b7c5b906ef893f3f68623
1,421,9306e27347bd2e9fe01260eae3234f9e1267c6dc301df63c4aee6422cb7a1cc3
1,422,05364272f28798762e3bbe2fc2e7da6d8153afd7736533c1eb761136ced716bd
2,212,64c1f40aec2ce202b84b37aa9b54062ac3fe067cffbd48854f1df861ba19ba93
1,423,afac8d89f31f50d875d47627d4f6270f2c6034f742086f10b6d72b361ed69661
1,424,84e9653d80e5e2b70b1a70bd70e9d63210fbb3c3f27d66a3563886a19ddc650d
4,54,4e7dbc9178c3845c5784fd71f25417fb16d8dfddff89d5a3519a5262eba7d729
3,107,3fcdd37b319b5e0db2722b4f11638758948f4ac5804f8029b0bd059fe29a57f0
2,213,116be53cdf4923744d1874969a7a0585d0f2eced587c31fed17fe104e3badc15
1,425,f50d7e1b92ec6b1ee3db5697f7e8ae6c17d112cc8f58ed0cdf4ff5b879194bff
1,425,f50d7e1b92ec6b1ee3db5697f7e8ae6c17d112cc8f58ed0cdf4ff5b879194bff
2,213,116be53cdf4923744d1874969a7a0585d0f2eced587c31fed17fe104e3badc15
1,425,f50d7e1b92ec6b1ee3db5697f7e8ae6c17d112cc8f58ed0cdf4ff5b879194bff
1,425,f50d7e1b92ec6b1ee3db5697f7e8ae6c17d112cc8f58ed0cdf4ff5b879194bff
3,107,3fcdd37b319b5e0db2722b4f11638758948f4ac5804f8029b0bd059fe29a57f0
2,213,116be53cdf4923744d1874969a7a0585d0f2eced587c31fed17fe104e3badc15
1,425,f50d7e1b92ec6b1ee3db5697f7e8ae6c17d112cc8f58ed0cdf4ff5b879194bff
1,425,f50d7e1b92ec6b1ee3db5697f7e8ae6c17d112cc8f58ed0cdf4ff5b879194bff
2,213,116be53cdf4923744d1874969a7a0585d0f2eced587c31fed17fe104e3badc15
1,425,f50d7e1b92ec6b1ee3db5697f7e8ae6c17d112cc8f58ed0cdf4ff5b879194bff
1,425,f50d7e1b92ec6b1ee3db5697f7e8ae6c17d112cc8f58ed0cdf4ff5b879194bff
